Age,Annual_Income,Total_Debt,Credit_History_Years,Payment_History,Loan_Count,Credit_Utilization_Percent,Late_Payments,Employment_Years,Savings,Number_of_Credit_Cards,Creditworthy
50,1702534,435086,23,Good,0,56.2,1,11,1160479,6,Yes
22,1273609,896764,15,Good,4,37.0,2,4,729761,6,No
42,1680948,1216927,18,Poor,4,49.4,0,24,228504,0,Yes
50,448448,267179,25,Good,2,52.9,1,18,86827,1,Yes
56,1183429,500376,1,Good,6,64.0,0,15,633577,6,No
59,733091,112407,28,Poor,4,66.3,2,8,29567,5,No
40,912303,628372,17,Average,1,72.3,0,22,200491,6,Yes
35,815329,30963,10,Average,1,42.1,4,2,218153,1,No
46,938470,522848,26,Poor,3,56.7,2,26,325727,0,Yes
41,1245663,478842,6,Good,7,14.2,1,12,282574,1,Yes
56,1246348,506302,1,Good,0,9.0,1,1,497992,1,Yes
54,337584,169669,12,Poor,6,60.1,4,3,38488,6,No
43,303950,18756,21,Excellent,0,86.7,3,2,199860,6,No
58,1699832,177885,8,Excellent,7,41.9,2,22,1297977,1,Yes
40,1234477,523110,18,Excellent,6,20.5,4,22,628396,5,Yes
31,1734205,76744,14,Poor,3,7.7,2,13,92959,2,Yes
21,1497363,943833,30,Good,6,58.4,3,3,714236,6,No
23,1432078,784485,3,Excellent,4,8.4,1,0,732573,6,No
37,510170,218541,15,Average,3,36.0,4,12,274044,5,No
48,547570,88361,28,Good,0,11.7,1,9,382764,1,Yes
61,441486,109887,11,Poor,0,86.8,0,30,200733,1,No
53,520093,313860,11,Good,1,38.3,1,12,405108,3,No
59,958883,243874,10,Average,4,24.3,3,13,329537,6,No
43,713634,60685,26,Average,4,10.2,4,25,554019,6,Yes
60,474025,231302,9,Excellent,2,8.4,2,16,316698,1,Yes
37,1441357,1070730,20,Good,2,93.2,1,19,592038,4,No
21,1121768,295618,6,Poor,6,91.1,1,3,691741,6,No
21,1652725,760337,24,Good,7,94.3,3,3,1060906,0,No
31,1745070,260950,15,Good,1,77.4,0,13,1148479,1,No
47,740347,243768,17,Good,1,16.4,2,1,238760,4,Yes
33,1566992,765426,22,Good,1,54.4,3,14,648429,0,Yes
34,438635,30695,17,Poor,6,6.7,3,16,37936,3,Yes
25,953887,513932,22,Good,4,50.5,3,7,257360,3,Yes
44,1388948,48104,2,Good,4,75.3,1,21,627319,0,No
58,592104,311393,11,Average,4,23.9,3,12,134227,3,No
46,1637214,349570,1,Good,1,68.4,1,6,1207452,6,No
34,1694494,373500,28,Good,0,19.3,2,16,1253397,6,Yes
61,744485,78935,7,Good,2,49.7,0,5,176929,3,No
30,1471627,652806,30,Poor,5,51.5,0,12,466156,5,Yes
62,905947,104469,30,Good,0,56.4,1,18,52807,4,Yes
21,762004,104157,19,Good,1,79.6,2,0,301017,2,No
51,935728,562378,16,Good,5,66.1,3,8,338739,0,No
43,252240,85587,7,Good,4,46.1,1,5,30664,3,No
27,303257,19722,29,Excellent,2,83.9,3,9,32259,4,Yes
49,1023601,401040,20,Good,1,84.9,1,16,170740,4,Yes
34,432164,319217,16,Average,5,89.5,1,1,74147,6,No
46,1485129,770581,19,Good,6,28.9,0,23,743718,5,Yes
61,1642436,745718,8,Excellent,5,33.2,1,2,1022987,5,No
34,1443008,1048025,12,Good,0,60.4,0,3,924836,4,Yes
22,1175909,204110,2,Good,0,30.1,1,4,44307,3,Yes
54,313004,112017,20,Average,4,26.8,1,2,144418,6,Yes
21,1463141,571771,20,Good,1,18.1,1,3,555390,2,Yes
62,263555,148045,20,Good,3,33.6,2,27,73543,6,Yes
52,1202460,185064,25,Excellent,3,35.7,2,27,51796,6,Yes
23,271006,145203,14,Average,2,69.4,3,5,77869,6,No
58,303853,137978,27,Excellent,2,58.7,2,22,176599,1,Yes
22,224900,73218,29,Good,3,31.2,3,4,31291,0,Yes
41,1585474,175833,22,Good,4,34.0,1,6,841897,0,Yes
48,1256941,813465,30,Good,5,21.8,3,4,844954,1,Yes
29,816308,415334,28,Average,1,20.2,1,11,591537,5,Yes
23,977552,488159,6,Average,0,47.4,2,5,566736,0,Yes
29,745609,478240,20,Excellent,4,67.1,2,11,127220,6,No
51,1372639,55342,16,Good,7,89.4,6,21,195365,2,No
60,1445399,205746,7,Average,0,37.9,8,11,744272,0,No
40,272769,102198,20,Good,1,91.3,2,15,37633,4,No
42,562736,375979,21,Good,3,56.5,1,12,324570,0,Yes
42,198658,146826,23,Average,4,37.9,1,16,93647,6,Yes
25,1784642,462128,23,Excellent,3,70.2,3,7,968117,6,Yes
28,1546808,1151689,26,Poor,4,59.6,2,10,489757,6,No
32,1008791,739911,29,Good,5,41.9,3,14,337084,3,Yes
33,613819,271494,8,Good,4,19.4,1,15,360432,6,No
54,870658,249269,1,Good,7,25.9,3,24,663610,4,No
52,1699825,150945,17,Good,4,20.4,2,6,152378,3,Yes
33,1779034,802801,14,Good,6,38.1,2,15,680476,2,Yes
41,1650523,1137679,26,Average,3,47.3,1,17,1300512,0,Yes
37,1496502,118524,26,Excellent,6,93.7,1,7,733053,1,No
44,740881,33440,3,Average,0,67.8,2,16,194733,5,No
26,1667045,1181128,13,Excellent,0,29.7,1,8,119754,6,Yes
45,667689,434098,25,Average,4,62.4,1,6,459231,2,No
36,1718659,871444,13,Excellent,5,17.6,6,1,1180562,1,No
56,866684,620620,15,Poor,3,82.5,1,1,299564,2,No
58,699349,391700,16,Poor,1,30.9,1,3,255300,2,Yes
29,1408163,446951,25,Average,1,61.1,1,11,686197,2,Yes
25,648466,266895,19,Good,0,51.9,1,1,472634,2,Yes
23,1629087,247691,22,Good,2,9.5,1,5,651374,0,Yes
65,1738309,1093988,29,Average,6,40.8,2,23,376580,3,Yes
62,1142261,392842,16,Excellent,3,61.3,1,8,365495,5,Yes
40,840902,258206,14,Excellent,1,52.0,1,22,577102,4,Yes
55,222828,147545,18,Average,6,38.3,0,9,154240,2,Yes
32,301668,122092,13,Good,1,67.4,1,14,228379,0,No
46,1051808,545302,9,Excellent,5,48.9,2,7,769767,2,No
23,1178757,687949,10,Good,1,83.6,3,5,783359,4,No
64,1386861,821198,23,Good,6,44.2,3,2,671304,1,No
41,1370402,634214,21,Good,5,44.0,2,20,533647,5,Yes
23,518540,340861,9,Excellent,6,60.3,0,5,50544,4,No
33,874489,41735,12,Excellent,4,80.4,1,9,243942,3,No
51,1314033,819320,25,Good,5,47.8,2,28,63105,4,Yes
39,189885,55477,28,Poor,2,87.1,0,5,17694,3,No
49,295598,186199,5,Excellent,6,93.0,3,27,46695,4,No
34,1241404,396754,7,Excellent,5,67.4,2,2,586971,3,No
26,1720668,928899,28,Excellent,3,54.9,2,8,774637,5,Yes
34,390097,211158,24,Excellent,4,13.0,3,16,74499,1,Yes
65,865154,318427,14,Average,1,52.9,2,5,674527,0,No
64,1668529,1017767,24,Good,4,40.2,3,6,168481,4,Yes
52,1077767,44797,26,Good,6,37.8,0,5,801171,3,Yes
65,246707,166199,29,Average,4,39.9,1,3,38791,1,Yes
48,1481367,668039,24,Average,7,14.9,3,14,1107444,3,Yes
27,641227,349068,21,Excellent,3,51.5,3,9,115398,2,Yes
59,809720,249453,18,Poor,6,20.0,2,23,456158,3,Yes
33,1658016,684322,23,Average,0,92.8,3,11,112322,6,No
44,1496189,711698,26,Average,7,39.1,2,11,1110641,4,Yes
59,1391353,190221,5,Average,7,15.7,0,15,115526,1,No
58,1601174,1054492,26,Excellent,2,15.7,2,27,1161549,1,Yes
46,652779,399530,26,Poor,6,47.5,0,13,145893,0,Yes
59,497650,228759,11,Good,2,71.0,2,10,333773,0,No
48,715426,36661,12,Good,3,23.0,2,9,289081,3,Yes
48,1567695,133457,28,Good,0,69.6,4,2,398165,0,No
55,711111,195296,27,Excellent,1,62.1,1,0,539683,2,Yes
43,371703,114351,24,Average,1,42.0,1,4,155039,0,Yes
51,218635,138061,5,Good,2,50.2,2,24,25623,6,No
61,1728485,311210,9,Excellent,4,17.1,2,15,777266,4,Yes
50,926084,57954,10,Good,1,64.5,1,10,570362,4,No
34,776804,197695,18,Average,5,7.1,1,16,619999,5,Yes
49,583850,67294,4,Good,0,78.8,4,15,21238,1,No
35,1144163,308678,8,Good,6,70.6,2,17,252318,2,No
60,310544,147936,6,Good,1,82.3,2,29,140740,6,No
30,1726236,148286,10,Good,5,20.2,2,12,877756,6,No
64,1624331,344204,4,Good,2,34.6,1,27,229585,3,Yes
30,959383,326486,18,Good,5,34.2,0,11,458688,5,Yes
46,1414897,128327,20,Excellent,0,41.2,0,18,626947,5,Yes
28,1538097,302269,7,Good,6,46.0,3,10,562944,3,No
56,1340291,659329,5,Good,2,5.3,4,21,352915,1,Yes
23,753156,500670,5,Excellent,6,74.7,2,5,373954,1,No
44,601818,389534,29,Good,4,60.5,2,18,125548,6,Yes
45,843689,240166,21,Average,0,38.8,0,16,354847,0,Yes
41,1093320,201021,21,Average,4,5.6,1,23,29544,4,Yes
54,732439,512849,19,Good,1,67.8,2,3,347018,5,No
65,1738028,414341,5,Average,0,70.5,1,30,1106484,6,No
40,929078,320232,7,Average,3,26.2,2,22,354547,2,No
29,306060,158064,21,Average,6,42.5,2,11,39162,6,No
37,955024,472068,9,Poor,1,28.5,1,14,20599,4,No
42,1224327,519610,17,Excellent,5,39.0,5,17,142160,5,Yes
35,1202145,625118,8,Average,4,52.2,2,14,31226,0,No
48,491877,344940,6,Good,0,55.6,1,9,295744,0,No
65,1022000,265484,24,Excellent,2,62.0,1,13,210585,2,Yes
43,884590,455332,6,Average,0,43.6,2,2,42271,3,No
36,497875,295895,24,Good,1,69.4,1,18,201165,6,Yes
44,1260750,726876,9,Excellent,1,86.3,3,10,402580,5,No
56,1304905,555241,1,Excellent,7,55.8,1,6,267121,5,No
60,1668673,1059053,22,Good,7,24.4,2,25,271186,5,Yes
36,1566689,421487,5,Poor,7,27.2,4,18,233138,4,No
33,1259227,814311,23,Good,4,81.7,0,8,756239,4,Yes
23,1059903,584566,30,Poor,3,19.2,4,1,442909,4,Yes
38,594994,316311,4,Good,2,92.8,1,5,355572,3,No
50,373783,274674,24,Average,3,56.9,3,0,24901,5,Yes
29,1598897,1088378,6,Good,6,16.1,1,11,205005,3,Yes
34,1208494,217201,2,Excellent,1,82.8,1,16,693467,4,Yes
49,452647,43283,19,Excellent,5,43.2,1,22,268539,0,Yes
37,1681352,165895,6,Good,3,67.6,2,16,377032,1,No
24,588288,391898,16,Average,1,47.5,2,6,100776,4,No
28,1048374,540402,10,Average,4,48.8,1,10,707430,5,No
46,1010051,175201,12,Good,3,83.5,2,3,39035,4,No
27,529307,120891,18,Average,1,75.2,1,7,12502,5,No
52,975219,195769,19,Good,5,73.1,5,25,55362,3,No
34,209336,76003,25,Average,5,55.2,1,9,103370,1,No
64,1531099,923997,18,Poor,7,50.1,2,15,1106265,5,No
44,417199,202599,5,Good,6,66.1,2,26,141328,1,No
31,1700943,289164,7,Excellent,3,36.0,0,2,1145011,0,No
46,951148,513727,27,Average,4,61.7,1,18,642661,3,No
61,1178413,306049,24,Good,2,15.6,1,22,318597,6,Yes
60,780517,387706,9,Average,7,59.6,2,19,539001,5,No
53,413103,133155,8,Good,5,84.6,2,24,79150,2,No
57,1095113,492245,4,Average,5,52.4,2,10,229318,5,No
65,1576436,93022,5,Good,1,71.8,1,17,479510,3,No
62,1463131,949679,22,Poor,1,89.0,1,10,229069,3,No
31,1522057,259368,13,Poor,7,60.1,2,13,1088856,3,No
37,1113688,666403,13,Good,7,35.4,2,10,859486,2,Yes
29,888140,629695,29,Good,4,56.0,0,11,187346,2,Yes
45,1783546,771047,25,Good,6,24.7,2,17,633722,0,Yes
42,665662,459727,21,Good,4,69.4,1,11,39177,6,No
46,1458723,302677,22,Good,7,77.7,1,13,626242,2,No
25,782272,290978,10,Average,7,9.6,0,7,375551,2,No
40,316643,170687,3,Average,7,72.7,0,7,23229,5,No
48,747760,248474,18,Average,2,34.3,1,11,187289,2,Yes
49,1322384,779279,12,Good,4,6.7,0,17,505388,5,Yes
26,1793236,1267371,11,Good,0,46.7,2,5,642591,4,No
36,1281004,549234,25,Poor,4,68.6,1,17,271914,1,Yes
55,397770,180681,30,Average,2,80.1,4,20,87449,0,Yes
23,1018574,762187,24,Excellent,0,86.9,2,5,44985,3,Yes
51,1346462,49785,13,Average,5,14.1,4,1,643756,1,No
27,893226,416151,8,Average,2,5.7,3,2,136409,0,No
23,829829,611561,15,Good,6,40.3,3,5,170181,0,Yes
26,1378734,1025567,8,Good,3,43.5,5,8,73552,6,No
23,1115129,572239,29,Poor,3,51.6,1,5,551647,6,No
48,664965,207561,18,Poor,6,26.8,1,29,460693,5,No
54,735462,190778,8,Good,3,34.4,1,22,43711,5,Yes
29,1572277,728296,24,Average,7,79.8,1,10,170436,2,No
65,1147561,710176,10,Good,4,58.1,1,11,339464,1,No
65,940109,300535,20,Excellent,7,5.5,0,9,692908,3,Yes
44,927028,93619,21,Good,6,86.5,2,26,576223,1,Yes
61,1518084,764440,20,Average,3,17.5,1,18,1083270,1,Yes
38,1618454,1157257,9,Poor,5,70.3,4,20,182730,2,No
53,698727,26038,7,Excellent,5,58.3,0,4,36322,2,No
43,1213316,588195,8,Good,7,67.8,5,22,874186,0,No
37,1169470,381439,26,Average,5,66.8,0,19,860358,5,Yes
39,1544973,477104,7,Good,2,36.3,2,17,331712,0,Yes
50,963152,563915,11,Poor,7,8.8,1,9,44341,2,Yes
53,556742,77542,18,Average,4,59.1,2,8,157518,1,No
49,701121,419575,25,Good,4,12.1,0,16,290424,2,Yes
41,1013487,533905,17,Average,4,57.8,0,11,134340,0,No
44,180159,29110,7,Good,1,92.4,1,17,103644,3,No
49,1579872,63537,29,Average,2,24.3,1,13,877197,4,Yes
55,934296,166201,26,Average,4,34.8,1,25,491118,1,Yes
44,681174,81916,15,Poor,2,63.4,0,5,41865,3,No
46,1182403,520291,30,Excellent,5,63.2,4,10,410847,0,Yes
48,1785266,430865,19,Good,3,83.4,1,6,1370532,5,Yes
54,1600589,81617,23,Average,7,79.1,3,25,1090628,1,No
47,1170669,491954,11,Good,2,41.6,3,23,543296,5,Yes
48,1795777,878722,29,Poor,1,57.5,1,5,810558,2,Yes
23,1664738,245719,18,Good,6,55.6,2,5,505723,0,No
46,1206657,842773,27,Good,0,71.2,4,14,416600,1,No
22,1192384,362600,1,Excellent,0,57.9,1,4,553594,4,Yes
32,1437008,903281,12,Excellent,1,9.5,3,14,84370,6,No
27,807220,150311,24,Good,7,95.0,1,9,110198,0,No
28,382346,96480,26,Average,0,63.4,3,10,48766,2,No
49,696835,483588,12,Good,6,46.0,1,14,110221,0,No
25,317478,172496,25,Average,1,41.2,1,5,117759,2,Yes
28,1681681,1206589,30,Average,1,49.4,1,10,468041,1,Yes
38,494063,307349,22,Average,0,65.9,4,20,149867,6,Yes
63,1792972,1196225,20,Average,0,5.0,0,9,847451,2,Yes
61,618080,290897,26,Average,3,81.7,4,3,74337,1,No
25,437681,52561,23,Good,4,9.7,0,7,276779,6,Yes
37,1658768,852807,21,Good,1,76.9,2,17,324447,6,No
45,556794,394174,7,Good,5,52.0,1,19,269691,6,Yes
61,384535,148452,11,Good,3,86.2,0,0,199314,0,No
45,241929,44375,14,Excellent,4,34.1,4,5,125938,1,Yes
26,708423,80891,12,Good,2,62.3,3,0,341533,6,No
62,1692760,686932,16,Average,4,7.2,1,0,710455,4,Yes
60,371420,185081,24,Average,7,40.8,2,13,217680,2,Yes
27,583082,24003,23,Poor,1,94.9,4,9,318679,3,No
54,1297698,929859,16,Good,5,62.1,3,26,223136,4,Yes
54,554313,363120,7,Average,3,20.0,1,20,95067,1,Yes
61,243936,139507,6,Good,5,73.9,3,23,166976,6,No
51,1760209,800477,23,Average,4,77.8,3,16,90275,6,No
46,1041069,598157,8,Average,3,83.7,4,19,723950,6,No
43,1798243,1150940,23,Average,1,54.8,2,5,764279,2,No
46,629830,105385,16,Good,0,40.1,1,18,405393,2,Yes
50,1452037,189139,17,Good,5,37.8,1,6,670370,3,Yes
52,1730173,147178,26,Good,4,74.5,2,27,256466,4,Yes
27,758533,360694,4,Good,5,35.4,1,3,519722,0,No
65,1786107,281452,16,Average,3,63.1,3,25,419918,4,No
42,1742579,181659,1,Average,4,89.3,4,10,283165,2,No
57,1430617,253302,6,Average,6,69.7,1,15,914688,6,No
44,1450660,554661,3,Poor,0,64.7,0,2,1158599,5,No
44,908342,565894,13,Good,2,61.0,7,24,535639,2,No
25,1490267,606512,14,Good,5,87.0,1,7,412351,6,No
34,328702,182446,10,Good,6,22.5,2,9,152725,6,No
65,1065421,604032,7,Average,5,65.4,3,9,24926,4,No
62,658356,103712,21,Poor,5,70.3,5,11,466069,0,No
37,1540398,277554,5,Excellent,7,52.4,1,6,1010286,1,No
36,1228173,885907,27,Average,3,17.1,0,5,369029,0,Yes
22,242507,120216,27,Poor,0,13.7,4,4,142042,5,Yes
36,1212766,345727,7,Average,2,32.2,2,10,390586,4,No
49,840858,134515,26,Average,0,69.1,0,15,607304,4,Yes
35,1096383,493587,5,Average,6,47.8,3,10,46505,3,No
25,1686145,1106710,7,Good,2,11.5,2,7,295581,4,No
42,1263170,608583,24,Good,2,71.1,0,3,363235,5,No
48,1645461,1152361,7,Average,6,63.0,0,12,122892,6,No
43,1321154,637420,12,Good,2,19.9,3,16,194695,4,Yes
58,1226238,118161,7,Good,3,81.3,1,9,105590,3,No
50,1412541,533310,13,Good,4,25.9,2,28,779334,2,Yes
21,1799471,638654,29,Average,1,68.9,1,3,864672,0,Yes
33,1364446,249099,22,Excellent,0,41.4,2,9,193247,2,Yes
65,740592,459255,10,Average,7,12.4,3,18,203582,5,No
49,1627947,604432,15,Excellent,7,35.5,0,1,305286,3,Yes
57,690470,227455,24,Good,6,63.2,2,2,101581,0,No
64,1413741,767944,22,Excellent,5,32.1,1,13,845887,0,Yes
59,1256717,291995,26,Good,2,88.5,0,9,52761,2,No
26,381260,31927,20,Average,1,14.8,1,7,99806,6,Yes
58,1757222,1069328,1,Good,6,38.0,0,29,1002656,4,No
23,859447,603661,29,Good,0,84.9,5,5,542371,4,No
30,197297,38952,16,Good,7,83.6,1,12,8721,6,No
45,486094,93345,12,Average,1,41.1,0,26,18847,0,Yes
43,1068544,696014,24,Poor,3,21.6,1,25,812824,1,Yes
41,1339608,203251,7,Average,1,79.5,2,1,828439,2,No
22,418389,289508,17,Excellent,6,7.6,2,4,164861,5,Yes
40,1047869,778630,6,Good,0,11.4,3,13,227604,6,Yes
44,859682,404771,21,Average,3,33.6,0,18,223559,2,Yes
28,1060112,621887,24,Good,7,42.6,2,3,183389,3,Yes
26,1425077,340338,21,Good,1,34.0,2,8,718129,3,Yes
29,853590,534088,12,Good,6,72.7,1,9,286449,3,No
27,711972,27976,25,Poor,2,16.7,3,6,522971,5,Yes
43,872148,112831,25,Excellent,0,68.6,4,15,127051,0,Yes
32,1070083,200197,10,Average,2,18.8,4,14,743546,3,No
22,1647019,852795,2,Good,7,53.1,3,4,613712,4,No
50,1348544,759117,4,Excellent,6,69.6,2,14,187034,6,No
29,699777,360757,4,Good,2,87.8,0,11,52384,5,No
37,1433733,230089,29,Poor,3,34.4,1,17,1064279,5,Yes
43,212441,6515,7,Good,2,91.6,0,19,92667,3,No
45,873206,397280,26,Good,3,13.4,0,27,635954,6,Yes
30,1326237,396192,10,Average,0,11.8,0,12,511312,1,Yes
60,259973,93572,20,Good,1,36.5,3,9,135470,2,Yes
48,994604,716930,26,Excellent,4,15.5,2,24,557611,5,Yes
50,1323051,324311,3,Good,3,20.0,3,8,223414,4,No
37,1518106,380069,15,Excellent,4,9.6,0,18,831121,4,Yes
57,1402613,238536,20,Average,0,89.6,1,5,335274,4,No
49,1150834,212844,17,Excellent,2,69.4,3,16,261340,1,No
21,1211008,562269,23,Good,2,68.4,2,3,829299,3,Yes
39,510817,299765,26,Good,2,17.5,1,10,145257,2,Yes
62,642785,159012,5,Good,3,11.5,1,20,291350,1,Yes
45,401373,115596,27,Excellent,4,9.9,1,23,55954,2,Yes
52,1089245,381975,4,Average,4,59.9,1,5,741696,4,No
27,1263868,749174,27,Excellent,1,86.8,2,9,298158,3,Yes
50,722777,258787,4,Average,4,73.5,4,16,71055,2,No
46,1241339,837949,12,Average,6,38.5,1,28,300966,2,Yes
49,183191,8416,16,Average,0,70.9,2,5,94163,0,No
54,1159947,338501,2,Good,2,68.4,2,18,291411,5,No
52,1051522,387317,29,Good,4,84.2,0,6,399975,0,Yes
61,1596842,743305,11,Excellent,3,87.0,2,13,836879,3,No
47,416281,120327,11,Good,3,78.7,1,18,176277,0,Yes
34,599139,405213,26,Good,4,57.6,2,0,342459,1,Yes
34,1445804,1050836,15,Good,2,37.0,3,16,439598,5,Yes
50,741672,55001,13,Excellent,3,51.8,3,6,320874,1,No
53,209301,74110,14,Poor,7,31.0,3,30,118292,4,Yes
31,359635,62186,12,Average,4,89.4,2,9,140050,0,No
51,1201318,72355,9,Good,2,63.6,2,3,714633,3,No
56,990904,441979,27,Excellent,1,22.6,3,11,742552,4,Yes
26,1404648,809010,29,Good,1,66.8,2,8,683041,2,Yes
61,1511598,988178,17,Good,6,75.7,3,10,945538,3,No
22,1076816,223252,12,Average,1,15.4,2,1,303071,3,Yes
46,801827,322195,4,Excellent,4,16.0,3,10,430074,4,No
64,1123693,545027,2,Poor,7,27.2,0,15,90616,4,No
55,1516092,226743,2,Good,5,30.3,1,14,955396,4,No
59,928321,546848,15,Good,7,23.9,2,12,695491,3,Yes
23,906331,320244,17,Poor,4,54.7,3,5,381659,1,No
37,931518,302316,14,Average,5,7.8,3,4,74594,5,No
55,1670687,1021084,26,Average,0,86.8,3,14,1326437,4,Yes
53,1572291,973216,20,Good,2,62.9,3,14,865906,4,No
46,1434311,572084,3,Good,2,7.7,3,26,504891,0,Yes
51,1711192,912963,6,Average,3,82.9,3,7,392373,3,No
64,187461,80278,25,Excellent,5,53.8,2,13,34926,2,Yes
27,1039414,735610,13,Good,0,68.2,0,9,738364,3,Yes
25,344074,244077,14,Good,3,92.1,1,7,223341,1,No
63,1585568,1179784,25,Average,1,34.7,2,19,55956,6,Yes
42,243530,57367,3,Average,7,61.9,2,18,127924,6,No
30,1766757,214677,18,Good,6,54.1,4,12,375676,3,No
52,267468,17747,20,Excellent,1,51.0,0,30,89103,5,Yes
36,1159114,426008,14,Average,7,40.5,1,0,47008,4,No
26,1433499,611158,12,Excellent,3,94.8,2,8,686246,3,No
34,1519838,522314,30,Excellent,7,35.5,2,16,617742,0,Yes
47,1356410,902784,2,Excellent,1,56.4,1,6,599502,0,Yes
53,1550073,1009625,8,Good,6,35.3,4,28,1103418,1,No
38,429768,212447,23,Average,0,23.5,1,15,51098,6,Yes
33,1044950,410199,6,Good,5,22.6,0,5,681412,0,No
55,885475,636258,23,Excellent,4,51.3,2,12,382345,0,Yes
21,1238079,385468,21,Good,4,26.2,1,3,155624,2,Yes
59,500752,74375,3,Good,3,85.6,2,6,183662,3,No
28,413077,207468,10,Good,2,55.6,2,5,157798,3,No
51,190651,121001,16,Excellent,0,17.6,1,11,8479,6,Yes
24,453146,56793,24,Good,5,90.6,4,6,323197,1,No
57,1329265,323924,14,Excellent,2,7.1,0,25,449270,5,Yes
61,572136,307083,24,Good,2,40.4,1,23,205564,1,Yes
22,491955,41261,9,Excellent,4,54.3,0,4,175908,6,No
32,691083,290655,6,Excellent,7,89.8,1,0,406194,0,No
65,1046183,78946,6,Good,5,79.1,2,1,99352,4,No
36,821269,297732,30,Excellent,6,78.0,1,18,168191,5,Yes
35,190207,116699,9,Good,4,45.8,0,12,102919,2,No
24,698652,107536,30,Good,2,47.8,1,6,97234,6,Yes
53,915036,70731,19,Poor,5,78.4,2,27,486673,5,No
61,409189,33161,12,Excellent,0,23.1,4,3,265137,6,Yes
62,427199,62810,15,Poor,2,27.5,0,16,260251,5,Yes
26,346277,54599,19,Average,5,54.3,0,8,12273,4,Yes
54,388786,207139,9,Good,2,50.5,3,9,9747,3,No
64,693313,197699,2,Poor,2,72.4,3,27,440409,0,No
58,1507579,993781,1,Average,6,22.5,2,22,331847,3,No
33,731050,217497,4,Excellent,1,75.8,2,14,379439,1,No
32,1718112,582987,23,Good,4,39.3,2,12,279158,4,Yes
52,1735157,982464,2,Good,1,19.3,4,10,783467,0,No
59,1285710,617122,1,Poor,6,58.0,2,9,109223,3,No
45,744046,499812,24,Good,1,47.6,6,24,116233,2,Yes
49,1706318,878865,9,Excellent,5,41.3,1,6,511429,4,No
39,675479,273200,18,Good,5,50.7,2,15,104339,1,Yes
32,1671633,554916,16,Good,0,34.6,2,7,788542,3,Yes
24,264761,62443,22,Good,6,37.4,1,2,57617,6,Yes
55,508821,148862,10,Poor,2,47.8,2,1,297328,3,No
38,332889,201748,5,Poor,5,50.4,2,20,89522,5,No
30,1365820,472777,15,Good,6,68.7,5,12,967061,1,No
60,674178,209486,10,Excellent,7,6.7,2,2,236808,6,Yes
30,1059381,173175,22,Average,3,25.9,0,12,217268,4,Yes
34,1637640,588501,7,Good,2,7.6,0,16,914019,0,Yes
53,851009,418954,14,Average,5,86.1,2,19,182082,4,No
56,1365493,365791,26,Good,0,90.7,1,4,1052207,1,Yes
59,237022,156031,24,Average,1,49.0,4,5,107470,5,Yes
21,1492743,90291,23,Average,2,65.5,4,3,1093605,3,No
33,760780,414276,8,Good,6,23.7,2,13,321931,0,No
57,1758638,880086,17,Excellent,1,22.8,3,29,958328,5,Yes
31,1621985,178449,23,Good,5,44.8,0,6,239465,6,Yes
56,1297063,721470,9,Average,4,90.8,1,24,712173,6,No
32,345575,178852,10,Excellent,6,56.8,4,14,45639,3,No
43,1325298,880960,21,Good,3,35.4,1,21,974744,6,Yes
29,984565,468775,16,Average,6,18.2,1,11,65210,1,Yes
27,1340932,795392,18,Average,0,80.0,1,9,236565,4,No
25,1498719,381299,7,Average,4,86.3,5,7,800214,0,No
50,872095,286629,2,Good,1,61.1,0,11,197904,5,No
43,1153181,154479,16,Average,1,41.2,4,23,464988,2,Yes
63,370237,222745,10,Good,3,69.9,1,20,46792,5,No
58,1646760,324289,28,Average,5,35.5,2,24,1101664,0,Yes
62,284211,190660,26,Average,0,64.4,0,17,65572,2,Yes
22,1004143,466659,19,Average,3,67.7,0,4,528475,5,Yes
25,754100,94274,18,Good,6,85.6,0,6,300928,6,No
62,1155217,490486,25,Good,6,32.1,2,12,157262,2,Yes
52,1262424,60566,24,Excellent,1,90.4,1,8,102565,3,Yes
58,742621,257829,2,Good,2,72.5,0,3,583477,5,No
32,586140,311152,23,Average,6,72.2,1,8,348728,4,Yes
51,1208400,378001,10,Good,3,6.1,5,11,535648,3,Yes
27,341445,237462,27,Average,7,51.9,1,2,242067,4,No
22,829991,550388,17,Good,5,8.7,1,4,186558,2,Yes
64,1162469,126015,7,Excellent,2,6.7,1,0,253874,5,Yes
57,229104,131221,23,Good,6,23.3,1,3,155264,4,Yes
33,449160,216233,13,Average,5,94.2,0,15,253901,5,No
35,1060412,710152,21,Poor,7,39.2,1,17,511373,1,Yes
57,1676906,500971,10,Good,1,91.6,0,20,419345,4,No
55,610599,73881,19,Excellent,3,30.2,2,27,366552,6,Yes
49,983585,39867,26,Good,5,87.1,0,7,543007,1,No
46,1656402,782534,6,Average,1,62.6,1,12,138444,5,No
60,994422,452015,16,Excellent,2,27.9,1,5,491796,5,Yes
46,1549277,72728,19,Average,6,51.1,0,9,701312,4,No
31,474746,127763,29,Average,1,87.6,2,13,204258,0,No
45,499972,56324,21,Good,2,88.7,4,22,131672,1,No
31,665757,394303,19,Good,0,72.9,2,13,447166,3,Yes
52,1384680,242030,11,Average,7,16.5,1,1,901356,3,No
26,1047964,143382,22,Poor,3,67.0,3,8,394014,2,No
37,1104220,458593,10,Good,6,69.5,1,19,679047,4,No
47,1183171,333827,9,Average,1,38.8,1,26,362096,6,No
64,472575,72564,18,Average,2,43.4,0,29,12179,4,Yes
44,994038,227979,14,Good,3,58.8,3,26,69652,6,No
58,292782,122150,2,Poor,0,13.3,0,1,234078,4,No
21,623945,464228,25,Excellent,4,40.9,3,3,87182,3,Yes
64,1764735,1052619,7,Good,3,6.4,2,14,517649,1,Yes
25,188036,112598,18,Poor,4,28.3,4,4,58216,5,No
23,1382939,961557,3,Average,3,71.3,1,5,316161,0,No
44,1779024,335794,19,Poor,7,67.7,2,10,657627,0,No
59,1059979,665031,22,Excellent,2,22.4,2,27,786523,6,Yes
46,1699603,784937,21,Average,2,53.1,0,1,285153,0,No
44,1760461,1315993,22,Good,0,43.5,0,26,874434,0,Yes
63,1718510,484552,5,Excellent,0,57.3,2,11,76141,6,No
60,1270547,533023,18,Poor,3,60.4,1,0,83791,1,No
46,411496,154572,1,Excellent,4,54.1,2,4,144184,2,No
53,871211,423245,12,Good,6,24.3,0,2,564408,1,Yes
64,671862,441317,27,Good,7,46.4,0,22,48028,1,Yes
52,934950,394590,21,Average,0,59.9,2,21,596311,2,Yes
45,899449,411752,20,Good,7,85.0,2,27,547652,2,Yes
35,1144918,565710,29,Good,3,41.3,1,17,217736,3,Yes
24,1596828,89214,20,Good,5,50.3,1,6,652392,5,No
40,647835,170436,24,Good,7,84.4,3,17,83735,1,No
54,772632,289275,17,Good,3,79.3,3,17,536471,6,No
52,794661,24995,5,Good,6,51.9,0,26,286034,3,No
32,547003,374025,20,Poor,0,13.2,3,14,235702,3,Yes
48,1577556,271813,30,Good,6,83.5,1,5,410375,2,Yes
53,1416180,584826,2,Average,4,31.1,2,24,664517,4,No
29,1535833,600651,19,Excellent,2,24.8,3,11,104176,4,Yes
28,1450893,775683,3,Average,4,30.7,2,10,892887,1,No
59,1657852,1136214,18,Poor,0,42.7,2,28,558900,4,Yes
52,1528711,988182,30,Good,4,71.5,1,15,399184,1,Yes
36,1799715,1073163,29,Good,3,88.5,5,13,810322,6,No
40,893936,431016,30,Average,7,50.4,0,22,417259,5,Yes
57,414386,279772,9,Average,5,69.8,1,12,269236,3,No
53,800399,133010,30,Excellent,3,47.3,1,5,154884,1,Yes
59,735655,468730,1,Excellent,7,81.2,2,2,422052,5,No
65,1559904,1165883,24,Good,7,17.4,0,3,961126,3,Yes
25,1729107,1055115,30,Excellent,7,49.7,3,7,527632,1,Yes
39,1791935,552573,21,Good,7,54.4,2,9,98726,5,No
26,917266,543022,17,Excellent,0,68.0,4,8,98211,2,No
45,1159448,139606,25,Good,0,63.8,3,1,584204,5,Yes
55,978022,148961,24,Average,5,52.2,1,25,65595,6,Yes
32,882436,370434,16,Average,1,12.2,1,0,482087,0,Yes
40,1162599,46345,30,Excellent,4,23.6,3,3,858180,4,Yes
39,1530642,1008816,8,Good,1,76.3,3,14,335191,2,No
53,960641,141432,28,Good,3,27.8,2,7,74245,2,Yes
21,1407146,323712,13,Good,4,79.1,2,3,899351,5,No
38,1620434,115252,7,Average,5,60.3,1,20,600591,0,No
33,1698500,364932,11,Excellent,2,75.9,1,12,55269,5,No
45,296492,124328,10,Average,2,28.1,3,25,123934,4,Yes
39,907506,541698,16,Average,0,50.1,1,9,432957,5,Yes
28,1636168,905331,13,Average,4,61.4,2,10,285010,2,No
54,1049807,612000,12,Poor,5,92.5,0,17,44555,5,No
25,1345898,847430,26,Excellent,1,30.9,5,7,356575,2,Yes
65,917565,412144,2,Excellent,6,69.5,1,6,597415,3,No
22,640385,76109,26,Average,7,69.7,3,4,161876,1,No
35,818387,561655,17,Good,7,29.7,2,17,514322,6,Yes
60,874780,356068,3,Average,5,14.0,2,14,126910,1,No
54,1086295,500965,14,Average,3,81.2,3,13,590602,6,No
54,1255230,60766,21,Good,4,27.1,1,2,66648,4,Yes
57,1235675,824994,26,Average,3,89.8,3,18,693153,5,No
43,1474929,790416,26,Poor,2,14.7,1,9,77743,5,Yes
50,873221,582351,22,Good,0,67.7,3,22,111113,2,Yes
62,437324,70884,17,Good,1,40.2,1,7,168771,6,No
60,1115772,301478,17,Good,3,44.9,1,1,194293,1,Yes
22,601280,219830,12,Excellent,1,58.2,2,4,315579,1,No
25,1308678,407296,3,Average,1,21.8,2,1,992059,5,No
40,1222726,303282,25,Poor,2,73.3,1,2,809826,1,No
61,1054772,399472,10,Good,0,53.7,3,29,334275,2,No
24,1340248,489581,7,Good,6,16.3,2,6,860521,1,No
32,609852,153486,13,Good,0,39.9,2,14,465335,2,No
56,1323647,460137,2,Poor,0,20.5,4,1,114260,1,No
21,1642099,411406,10,Poor,6,73.1,2,3,527940,0,No
21,687365,279561,22,Good,4,88.0,0,3,174848,6,No
47,478185,275688,6,Excellent,6,54.9,0,23,337279,1,Yes
25,1593238,421886,10,Good,0,59.9,0,4,138170,3,Yes
48,1201469,809055,15,Poor,6,27.6,3,28,686915,3,No
48,786217,432932,14,Good,3,6.0,3,21,292101,0,Yes
56,1297195,771961,10,Good,7,17.4,0,17,622835,6,Yes
45,1258532,927323,30,Excellent,6,12.0,2,22,898261,3,Yes
52,248803,83766,7,Good,5,6.8,3,27,52524,3,No
22,471464,320755,4,Average,7,13.9,5,4,261053,4,No
21,361948,40447,11,Average,5,29.0,2,3,140760,2,No
46,844917,100315,5,Good,6,33.9,5,28,33698,4,No
44,1740354,362354,27,Good,0,46.8,1,20,1376857,6,Yes
31,786590,47364,28,Good,4,17.8,1,13,258492,1,Yes
49,459215,142764,23,Average,1,53.3,3,19,70357,1,No
22,415062,117004,23,Good,5,34.8,0,4,56992,3,Yes
27,1685532,582583,14,Average,4,91.4,3,9,669477,4,No
43,1287229,678785,7,Excellent,1,92.7,4,25,733619,1,No
57,1049049,72554,25,Good,7,61.1,2,30,684247,0,Yes
24,1308649,933192,16,Poor,2,85.2,1,1,396899,6,No
49,361360,113862,30,Good,2,41.2,1,5,219283,3,Yes
56,1232207,864826,11,Good,7,36.5,1,12,713103,5,No
49,218067,77304,17,Average,6,59.1,1,10,154155,0,Yes
34,1120756,588025,22,Poor,1,44.4,1,13,328033,1,Yes
58,1274979,215649,7,Excellent,0,73.8,5,23,333815,1,No
53,1426713,414189,17,Average,2,41.6,1,11,432864,3,Yes
32,917954,293095,19,Average,5,30.7,2,14,707803,6,No
23,1540858,228038,30,Good,6,8.6,4,5,295170,6,Yes
54,731120,268968,21,Average,2,51.5,1,8,574062,2,Yes
26,1578616,316830,21,Good,4,81.2,1,4,286038,2,Yes
45,453452,229345,18,Average,4,44.0,0,6,319219,2,Yes
60,355767,245254,26,Average,3,39.2,2,9,44430,0,Yes
50,485035,227558,3,Good,6,25.8,0,8,320244,2,No
39,1304949,817925,9,Excellent,1,74.7,1,16,919975,2,Yes
63,621048,39229,3,Good,3,47.5,1,25,154412,6,No
37,1139125,51128,26,Good,2,35.6,1,4,780780,1,Yes
43,1094634,603633,1,Good,5,24.5,3,23,420322,4,No
51,712726,137498,21,Good,0,58.2,0,21,482847,5,Yes
31,759365,313463,13,Good,2,52.9,3,13,267707,1,No
41,1327815,161714,22,Average,7,51.2,4,15,353116,5,No
25,1454634,241998,22,Average,3,51.6,2,7,141955,3,Yes
41,1343490,824078,30,Average,1,34.0,1,4,920019,4,Yes
35,1336083,127920,1,Good,2,9.2,1,6,897781,4,Yes
45,1197481,551374,14,Good,4,19.9,1,4,181864,6,Yes
26,664146,443555,11,Average,0,40.1,0,8,414463,6,Yes
65,783103,47646,10,Poor,3,51.8,1,27,382886,3,No
45,1137386,428294,2,Excellent,6,50.3,1,25,143175,1,Yes
44,451830,74361,17,Average,5,50.5,0,6,150203,4,Yes
64,551233,245332,14,Good,3,31.6,1,13,212325,1,No
55,862347,333009,29,Good,7,5.9,0,28,687370,4,Yes
43,801424,167072,30,Good,3,71.2,0,17,306168,1,Yes
28,643937,432017,17,Good,1,63.2,1,9,187536,5,No
32,1466614,997768,3,Good,7,63.8,2,14,413842,1,No
61,1167471,83528,30,Good,5,37.9,3,30,101399,1,Yes
47,1493174,310771,21,Good,1,76.4,0,2,673640,6,No
51,690259,103670,12,Average,1,51.1,2,24,424157,1,Yes
49,420853,238784,30,Average,4,23.2,1,13,47427,6,Yes
56,650670,361261,22,Average,7,40.8,2,13,132385,2,No
34,1600178,758079,26,Good,1,90.9,4,16,150549,6,No
33,264080,114005,20,Excellent,0,72.9,3,15,119651,6,Yes
49,1366064,962690,21,Good,6,8.7,0,9,751748,6,Yes
30,836761,110650,3,Excellent,5,20.9,3,9,53028,5,No
39,841757,623275,29,Average,7,20.4,3,12,496567,1,Yes
59,1268477,237071,9,Excellent,1,41.8,0,16,724581,3,Yes
35,1368575,882785,19,Good,0,67.6,4,10,1027294,4,No
57,1763957,208006,6,Good,3,23.2,0,3,823203,0,Yes
65,1702196,550755,20,Average,7,18.3,1,20,609868,5,Yes
25,215634,27441,5,Average,6,81.2,2,7,63677,2,No
55,987744,95416,2,Excellent,4,27.8,1,15,70894,4,Yes
55,1289004,726033,12,Good,0,69.8,0,18,723688,6,Yes
47,1523714,916317,6,Excellent,3,51.9,3,12,743370,5,Yes
30,997052,655519,16,Average,6,13.9,1,5,88095,5,Yes
38,602381,250268,14,Good,3,5.5,2,14,337842,5,Yes
41,598815,292203,25,Good,5,39.4,0,11,456185,0,Yes
65,997563,105634,16,Excellent,6,87.5,2,21,380948,4,No
50,1569959,583080,27,Average,4,45.6,1,17,690486,4,Yes
24,415469,255387,5,Good,0,55.8,0,6,211300,3,No
38,1179430,718213,13,Average,3,93.6,4,20,163062,1,No
28,848755,150397,25,Average,2,17.2,2,10,392889,6,Yes
22,713571,42728,2,Good,0,29.3,2,4,31123,5,No
52,1788126,604023,22,Average,2,66.1,2,29,346167,1,Yes
55,1757512,129924,15,Excellent,0,69.7,3,7,1346445,6,Yes
37,1647310,288816,16,Average,4,81.8,0,16,995877,6,No
58,1195416,199236,25,Average,1,34.2,2,17,842686,2,Yes
53,373510,68593,26,Poor,7,64.3,1,11,191764,0,No
53,983940,289487,22,Poor,1,89.3,1,4,189053,6,No
21,325016,211245,20,Poor,6,88.6,2,3,257076,4,No
63,518384,337467,5,Excellent,2,74.9,3,2,360564,2,No
36,1383954,890087,25,Excellent,2,73.6,3,18,790930,6,Yes
33,880769,103597,24,Excellent,2,16.5,0,9,670100,1,Yes
59,909532,265888,8,Average,1,40.1,3,26,185006,0,Yes
28,573574,139228,16,Good,7,88.5,1,10,390307,4,No
26,603332,247273,29,Good,6,6.4,1,0,294722,5,Yes
58,528688,310318,7,Average,7,20.3,1,7,315363,4,No
21,1297862,609677,22,Good,3,59.4,1,3,924412,6,Yes
21,830024,100414,5,Good,7,39.7,1,3,110925,4,No
49,625377,39167,18,Good,2,76.2,1,21,167641,3,No
36,768315,123576,26,Poor,0,15.1,1,0,430941,0,Yes
56,1032746,35635,18,Average,3,63.9,3,12,458188,3,No
23,555960,27824,5,Excellent,4,9.8,1,5,145276,4,Yes
22,1141703,577726,17,Excellent,6,7.9,1,0,834960,2,Yes
60,644894,324897,2,Good,1,20.0,0,20,149660,6,Yes
38,1559390,406096,26,Good,4,57.3,2,7,590509,4,Yes
38,966639,261082,23,Average,6,23.4,2,20,532565,1,Yes
59,310351,211656,10,Excellent,2,63.3,3,17,239916,4,Yes
65,976184,579970,21,Average,7,63.1,0,19,601908,3,Yes
65,1298095,363224,10,Good,5,94.9,1,3,691230,6,No
64,1241716,748910,3,Poor,7,92.0,2,25,407383,3,No
49,879539,512419,20,Average,6,89.2,4,27,23885,2,No
57,974448,299422,30,Average,4,18.7,5,5,579724,5,Yes
65,968140,652959,1,Good,1,76.0,2,6,594371,4,No
49,1571405,166906,5,Excellent,1,94.6,0,4,334357,0,No
53,1303389,333496,27,Good,6,5.7,3,27,285966,1,Yes
47,423306,286464,11,Good,7,40.9,0,15,50545,4,Yes
31,1581256,1100011,30,Average,4,71.9,1,13,743446,2,Yes
59,1110370,645680,26,Excellent,5,77.5,2,29,459765,0,Yes
23,768595,267795,23,Excellent,2,90.2,1,5,227994,5,No
47,355006,61912,2,Average,0,80.0,3,10,130515,4,No
39,250119,82234,16,Average,3,55.4,1,18,142559,6,Yes
28,807835,187905,6,Good,7,12.7,1,10,258656,5,Yes
37,1372931,648529,30,Excellent,4,38.9,2,11,717515,0,Yes
51,1465016,987379,7,Good,4,75.6,1,28,747615,2,No
59,594600,388139,5,Good,1,65.8,1,6,50607,5,No
64,643547,289045,13,Excellent,6,60.0,1,2,242071,5,No
56,1638516,666864,2,Average,6,49.3,5,24,717494,0,No
56,539687,90575,18,Excellent,6,84.8,2,23,392799,3,Yes
39,1065258,318770,18,Poor,0,28.9,1,9,648099,0,Yes
37,1793325,850788,15,Good,5,49.7,2,16,1010521,5,No
42,613934,292142,25,Good,6,55.3,2,15,109636,2,Yes
23,874892,345411,23,Poor,5,43.3,3,5,575700,2,Yes
29,819341,406719,12,Good,3,10.2,2,2,53623,6,Yes
48,1351682,843655,19,Poor,0,47.3,3,22,785055,4,Yes
28,1771872,1154739,15,Good,2,23.7,1,10,552009,3,Yes
39,237993,29406,4,Average,0,52.3,1,19,164067,2,No
45,1552070,923535,4,Good,6,70.5,2,24,440952,1,No
33,742060,491773,26,Good,1,78.9,1,12,307985,5,Yes
24,574583,207111,14,Excellent,6,47.3,3,6,380733,2,No
53,1416497,581729,22,Good,1,90.4,2,15,308547,4,No
29,1283926,151194,6,Average,7,18.9,2,11,434825,5,Yes
32,1283151,229348,25,Poor,3,81.0,2,14,51611,2,No
27,1627585,438801,11,Average,1,83.2,0,7,751367,0,No
59,724897,409446,23,Good,6,88.9,2,22,425520,3,No
46,1519100,870114,7,Good,4,89.9,1,23,414433,4,No
33,319544,34345,17,Good,1,65.0,2,6,40223,3,Yes
35,1333224,262199,8,Average,0,45.6,0,17,249954,5,Yes
27,1771218,745610,21,Average,7,59.1,0,9,925098,0,Yes
44,450403,321021,22,Average,1,73.4,0,18,59704,6,Yes
46,656513,199136,7,Good,6,31.0,2,9,113006,0,No
29,366368,23332,13,Excellent,5,24.1,2,1,52491,1,Yes
25,1319664,254982,11,Excellent,2,92.8,1,5,541042,6,No
55,438517,320796,14,Excellent,6,74.9,2,12,299418,1,Yes
25,640796,59636,30,Good,2,25.2,0,7,232395,2,Yes
41,940278,584857,13,Average,1,24.8,2,23,173476,3,Yes
44,794641,89227,5,Excellent,4,14.0,0,10,262386,3,Yes
31,1392432,618650,5,Average,5,27.7,1,2,454727,3,No
44,674509,313111,1,Good,4,88.2,2,26,387826,1,No
51,277852,83517,15,Good,3,36.7,1,20,142074,2,Yes
53,1051877,112636,4,Poor,7,79.5,2,1,155237,4,No
43,325788,21506,19,Excellent,7,11.8,4,25,150446,6,Yes
23,551616,393814,4,Excellent,7,66.1,2,5,357190,4,No
42,520615,376652,26,Average,1,67.5,5,14,287591,3,Yes
65,1497191,451298,17,Good,0,35.0,3,5,410239,2,Yes
33,1745213,121989,20,Good,4,56.5,1,15,162754,6,Yes
26,739873,316986,23,Poor,6,64.2,3,8,498519,4,No
59,792297,437706,27,Average,5,47.9,1,11,221683,4,Yes
32,1645017,741639,26,Good,5,8.0,1,14,1073017,2,Yes
58,704426,150091,26,Good,3,48.9,2,14,433130,6,Yes
44,386487,271826,18,Good,3,45.6,3,15,11975,3,No
40,1245649,554516,11,Average,3,9.3,2,21,490712,5,Yes
46,615684,347629,13,Good,3,49.3,3,9,219174,6,No
60,1532144,1018565,29,Good,1,12.9,0,5,39974,5,Yes
45,1223659,858314,2,Poor,0,13.0,1,19,721581,1,Yes
38,1460617,756351,28,Good,4,35.4,2,7,647766,6,Yes
56,693317,298576,7,Poor,3,8.0,1,27,310854,5,Yes
64,1073416,323118,18,Excellent,6,76.5,1,20,702402,1,Yes
39,247411,95172,6,Good,0,60.4,3,9,188719,0,No
44,1053093,230508,29,Average,5,72.4,2,3,54959,4,Yes
33,846165,402216,30,Average,5,91.0,1,15,273838,5,Yes
49,531977,233728,23,Poor,7,68.5,4,24,423582,0,No
39,201281,99870,9,Excellent,0,60.1,3,1,148404,5,No
50,594299,376079,29,Good,0,45.3,2,16,303948,6,Yes
62,1015083,115568,2,Good,7,63.2,1,1,274568,0,No
29,911478,199594,13,Excellent,4,57.2,0,11,426696,5,Yes
34,650529,78659,28,Excellent,1,23.1,3,11,89980,4,Yes
30,728333,157200,23,Good,6,92.6,1,12,381599,6,No
50,395400,142255,21,Poor,6,85.0,2,0,313097,1,No
49,1140612,625976,2,Excellent,5,38.0,0,6,177048,1,No
62,256256,31293,16,Good,6,85.2,1,26,180902,2,Yes
46,609332,40999,25,Good,7,43.1,2,6,454037,2,Yes
36,1572488,361606,12,Average,1,34.9,0,9,506568,1,Yes
35,305438,62858,8,Good,6,14.3,1,17,64593,5,Yes
61,1480035,248062,18,Good,1,15.5,1,9,842986,4,Yes
49,1345232,496504,18,Excellent,0,20.5,3,10,834372,5,Yes
47,696409,207161,29,Poor,1,43.5,1,3,431149,0,Yes
49,944357,575512,15,Good,4,24.3,0,28,170202,4,Yes
32,1649539,1149511,16,Good,0,83.8,2,1,304236,5,No
48,446010,290669,17,Good,4,19.9,2,25,104796,6,Yes
57,1177858,702213,26,Good,7,8.8,3,26,382819,1,Yes
31,1087211,282909,23,Good,6,31.2,2,13,611022,2,Yes
34,1473590,475683,22,Good,7,64.1,0,8,888292,4,No
40,563100,412262,21,Average,7,48.6,4,18,350404,6,No
56,1191967,699729,19,Good,3,70.3,2,10,800163,3,Yes
37,1054631,708746,25,Good,5,46.9,1,19,222488,1,Yes
54,274018,176013,6,Good,6,27.8,1,6,57872,1,No
54,1003346,444649,6,Good,0,62.4,4,23,479462,3,No
32,354023,90445,17,Average,1,46.8,3,13,38465,3,Yes
30,465711,331430,15,Good,4,7.6,2,12,252831,3,Yes
39,837911,28170,21,Average,7,6.3,1,21,447502,0,Yes
21,412601,142342,19,Poor,5,71.3,1,3,275150,6,No
30,1471210,628724,5,Poor,1,39.2,1,12,764853,5,No
29,1787828,724379,12,Poor,5,57.0,2,7,1011070,5,No
57,1022210,157320,29,Good,6,14.6,2,7,20673,6,Yes
44,496205,353360,23,Excellent,0,41.2,4,5,183777,3,Yes
21,881692,343911,7,Average,6,53.3,1,3,113915,1,No
63,1157022,50027,29,Excellent,4,15.7,2,21,169171,4,Yes
49,471126,42600,25,Good,2,70.0,0,20,289454,4,Yes
53,386846,142380,11,Good,0,21.1,1,2,15047,1,No
60,1273512,411976,26,Good,4,58.0,1,15,833663,5,Yes
23,1693641,502025,16,Average,6,16.5,2,5,712458,3,Yes
63,676507,68783,7,Excellent,6,8.2,3,11,371612,4,Yes
46,526130,319345,20,Excellent,0,71.2,1,21,54227,6,Yes
48,1728229,998888,11,Average,2,84.1,2,0,224826,1,No
40,1044690,725124,6,Average,7,75.5,1,3,183787,2,No
57,804771,397448,4,Average,7,22.0,0,25,218517,5,No
50,808138,183063,4,Good,1,24.0,1,5,478372,0,Yes
52,973853,343912,29,Poor,1,57.0,0,2,639082,1,Yes
48,1706322,919377,21,Average,7,78.2,1,20,607725,6,Yes
48,1353057,718438,21,Good,1,82.6,1,21,234536,6,Yes
32,272601,115262,3,Good,4,23.1,1,3,166446,6,No
43,1696450,1184518,19,Poor,3,40.2,3,9,119991,4,No
41,297235,132794,14,Average,5,21.1,1,15,40677,3,Yes
44,330023,244606,6,Good,0,86.4,1,23,187219,3,No
59,1569330,928629,19,Excellent,4,33.1,2,12,757959,0,Yes
53,1763246,201517,18,Poor,7,74.9,1,21,503274,2,No
48,741931,421957,29,Poor,3,57.5,0,11,325441,2,Yes
43,1710814,834793,22,Good,1,46.6,0,0,984770,0,Yes
65,382416,134396,17,Excellent,7,93.3,1,20,84082,0,No
53,1306798,241184,15,Poor,2,49.6,0,9,79501,6,No
45,405049,240916,17,Excellent,6,13.5,4,20,311812,1,Yes
40,1782029,729932,24,Average,0,81.8,0,4,423238,4,No
25,774305,466155,13,Excellent,4,50.6,3,7,298450,4,No
52,1590822,880137,11,Good,7,27.1,1,4,398245,4,No
35,470998,333164,24,Average,0,35.6,2,12,48160,6,Yes
21,640244,365609,28,Good,2,84.0,3,3,254708,2,No
27,1146920,791602,30,Poor,3,78.7,2,9,68706,2,No
41,1641331,1116020,20,Good,2,88.6,1,19,1080495,1,Yes
28,1366464,169388,11,Good,0,82.2,1,10,313010,1,Yes
30,464334,138902,13,Good,0,34.5,1,3,111114,2,Yes
43,808419,219635,22,Average,6,55.9,3,12,91251,4,No
31,1348839,99637,5,Good,7,82.2,1,9,604940,3,No
59,1677618,934168,17,Good,7,29.7,0,25,1267044,3,Yes
42,1741588,155991,19,Excellent,0,82.3,2,6,1114695,3,Yes
58,1614904,432801,21,Excellent,1,31.7,0,25,515189,2,Yes
63,250202,157939,2,Excellent,7,66.6,2,1,84722,2,No
48,610634,140956,27,Good,7,20.1,2,25,367342,6,Yes
37,1410746,209542,15,Average,5,26.4,2,7,121525,3,No
52,688679,323791,3,Good,3,84.6,4,22,172653,4,No
51,1065296,37084,29,Good,4,60.6,2,18,153177,3,Yes
38,513569,383112,14,Average,7,66.1,3,20,328538,5,No
22,1007424,54353,15,Good,3,63.6,3,4,768152,5,No
25,213691,21602,1,Poor,3,68.9,2,4,88959,0,No
34,856296,577521,12,Good,3,61.8,3,0,211288,5,No
33,496456,180683,5,Average,6,77.0,3,15,266101,2,No
37,1161883,250881,16,Excellent,1,39.0,1,3,161572,0,Yes
54,1736396,473800,20,Good,7,93.5,0,0,854815,1,No
60,1507176,713582,9,Good,0,14.7,1,22,1148998,0,Yes
56,491478,329534,3,Excellent,6,66.4,2,25,301022,4,No
22,399780,133908,8,Poor,7,81.4,1,4,16733,0,No
34,1513572,1108450,23,Good,6,32.9,4,10,1149292,3,Yes
47,397029,160474,28,Average,4,31.2,0,0,317228,1,Yes
49,1089711,353415,20,Good,5,39.6,3,6,714871,4,Yes
64,459067,15471,17,Excellent,5,11.2,0,19,67084,2,Yes
59,1365111,633109,2,Average,2,27.4,2,17,87076,1,No
58,198752,85455,5,Good,5,76.3,1,11,6721,2,No
21,1430632,72081,7,Average,7,29.0,1,0,484178,6,No
36,602955,307553,25,Average,0,22.0,3,17,479408,5,Yes
33,1040952,415510,26,Average,1,38.2,3,15,265251,0,Yes
59,601486,426233,4,Good,1,66.8,1,22,464840,2,No
31,1328993,800089,4,Good,2,20.8,1,13,972758,3,Yes
28,342982,113006,12,Average,2,43.7,1,10,47165,2,Yes
64,827341,505394,9,Excellent,7,42.5,1,24,604828,4,Yes
40,1158836,146278,23,Average,2,47.1,3,21,325599,4,Yes
21,767100,190708,27,Good,1,27.2,2,3,290083,5,Yes
30,1364141,492385,5,Average,2,55.2,2,1,561487,2,No
53,328066,96267,24,Excellent,6,66.9,4,25,82804,6,Yes
34,1172382,723358,7,Average,5,86.6,2,16,820913,0,No
49,278538,144824,15,Excellent,4,38.1,3,16,170903,4,No
35,1022150,197534,2,Good,0,49.9,2,11,446677,2,No
63,1324241,150043,1,Average,6,43.5,1,14,752685,5,No
34,350963,208961,11,Poor,1,60.1,5,16,270023,2,No
29,1431703,241189,28,Average,2,56.8,2,7,515761,5,Yes
56,994037,195710,4,Good,0,74.4,3,8,25828,2,No
47,1435516,406681,18,Good,4,39.5,6,19,1137971,6,No
60,1706658,1069241,8,Good,4,17.2,0,2,1238996,0,Yes
36,1521775,269199,2,Poor,2,29.4,1,18,908867,6,No
28,684409,128798,3,Average,4,16.5,1,7,45421,6,No
62,1333976,692365,25,Excellent,4,14.0,2,21,869930,6,Yes
62,1030538,98230,2,Excellent,7,11.8,2,10,91858,0,No
57,928013,178105,12,Good,7,56.4,2,4,92511,1,No
28,1156089,644703,23,Poor,7,69.5,2,10,158712,4,No
55,721357,419047,1,Average,4,67.6,1,22,230334,1,No
62,1302437,920236,12,Good,5,41.8,5,2,841210,2,No
33,521207,21103,22,Good,6,18.9,1,15,169301,6,Yes
48,235147,59911,29,Excellent,7,78.4,3,8,139899,1,Yes
38,233072,146161,29,Poor,2,74.7,2,0,119624,4,No
35,508768,166799,14,Good,7,16.9,2,17,22109,6,Yes
22,385768,167140,13,Excellent,3,70.2,0,4,157454,2,Yes
59,957881,654778,1,Good,3,14.7,2,28,139954,3,Yes
33,266365,178464,27,Excellent,3,65.1,3,15,149739,1,Yes
62,708714,364955,16,Average,1,36.8,1,25,517800,0,Yes
55,726495,24622,22,Good,5,61.2,0,21,438800,4,Yes
54,1428351,438514,4,Average,0,74.9,2,9,1025843,2,No
33,264754,66459,27,Good,1,38.0,1,15,15513,4,Yes
22,1697740,308714,5,Good,0,44.9,2,4,1112650,2,No
65,1750057,372093,4,Good,3,81.4,2,26,650873,4,No
40,364456,80734,4,Average,0,72.3,1,7,138580,2,No
41,462017,167269,17,Poor,6,39.0,4,3,363786,2,No
58,758526,201573,10,Good,0,11.8,3,14,422604,3,Yes
46,963441,445305,23,Poor,1,45.6,1,17,429229,0,No
35,320905,210551,14,Average,4,27.4,3,15,200942,1,Yes
31,1514809,389163,9,Good,3,94.3,1,13,205979,2,No
48,811040,145666,20,Excellent,2,89.3,5,2,293437,5,No
54,652501,199999,13,Excellent,0,66.1,4,27,261691,2,Yes
45,1015036,472970,7,Poor,5,71.7,1,27,446268,2,No
41,408981,92178,5,Good,7,9.0,4,17,318778,1,No
37,785842,237507,19,Good,5,8.6,1,14,526624,5,Yes
61,1485487,1094916,11,Average,6,34.6,0,15,471239,3,Yes
57,1423294,279211,27,Good,3,8.0,0,14,1074800,5,Yes
21,359830,153117,6,Good,2,51.6,0,3,146018,1,No
46,273269,47518,4,Excellent,2,66.8,0,2,54628,3,No
57,1654764,1205610,10,Average,6,51.8,3,23,1085830,2,No
21,324539,141367,18,Average,7,60.4,1,3,72894,3,No
36,719570,311410,4,Good,4,72.5,2,11,151517,2,No
55,298413,207808,8,Good,5,59.3,4,5,141528,3,No
38,1319929,832750,26,Good,1,89.3,3,3,811883,5,No
48,1111479,558362,22,Excellent,7,89.3,2,17,338179,3,Yes
40,1045139,510768,23,Excellent,3,26.8,0,12,265925,1,Yes
40,771343,313823,19,Good,3,53.5,3,22,452061,0,No
37,447491,55843,1,Average,0,62.8,1,19,79212,1,No
24,1406408,696949,5,Excellent,3,48.3,2,6,121647,0,No
53,1177082,94068,19,Good,4,14.0,1,15,468041,0,Yes
24,922296,133270,2,Good,0,49.8,3,6,603998,0,No
53,667030,80224,15,Good,6,36.9,0,7,171551,1,Yes
30,403563,152854,8,Good,5,52.2,1,5,295536,6,No
48,1635465,1020280,27,Average,0,79.2,4,8,199565,1,No
44,1284002,685385,17,Excellent,7,92.6,1,19,209387,0,Yes
49,201253,142100,28,Good,1,40.4,4,26,103822,2,Yes
34,610267,248005,12,Good,3,30.8,1,16,111857,4,Yes
64,1727261,398115,23,Good,5,81.0,0,1,432753,0,Yes
45,1424289,757112,27,Good,0,36.6,1,27,681708,6,Yes
23,1377162,701957,12,Average,4,70.3,2,4,644428,5,No
33,1252358,321615,25,Average,4,14.4,2,6,733614,1,Yes
28,292990,148543,4,Poor,3,90.4,1,10,24357,3,No
59,197633,27217,13,Good,0,78.6,4,1,153318,3,No
53,348785,79658,23,Good,1,92.9,4,14,230410,5,No
64,985113,377644,8,Average,6,28.6,1,22,656145,5,Yes
33,240545,165732,10,Good,0,47.9,0,12,28752,0,Yes
28,1564490,47433,29,Good,1,14.0,2,10,942922,6,Yes
34,1038379,76081,20,Average,4,28.8,0,16,478805,4,Yes
63,888521,428486,10,Average,7,9.1,3,10,203420,5,No
27,1549909,910126,17,Excellent,2,56.9,2,9,328834,6,No
46,430497,178750,6,Good,0,10.8,5,17,49995,6,No
23,914983,575258,17,Excellent,1,68.0,1,5,542589,6,Yes
47,1218199,669752,27,Average,2,32.9,2,3,630642,3,Yes
49,1616457,784069,16,Average,7,94.3,0,0,961008,3,No
56,975326,684846,25,Good,1,6.8,1,26,384971,1,Yes
38,869984,228252,12,Good,6,92.8,1,9,455270,1,No
52,182257,24254,13,Average,1,58.0,2,6,65028,0,No
62,554226,217991,28,Good,3,38.5,1,16,133570,0,Yes
25,1724613,1199786,12,Excellent,5,35.1,3,7,1034349,4,Yes
48,381139,88514,14,Average,6,72.7,1,30,235575,5,No
23,285111,72207,29,Average,0,58.7,0,5,196857,1,Yes
42,1067700,491045,23,Excellent,5,65.9,0,6,213724,3,Yes
38,926434,280749,2,Average,0,22.3,0,11,176213,6,No
24,1622721,126604,14,Average,2,39.6,0,6,74712,6,Yes
35,542462,301487,28,Good,4,8.2,2,10,82554,2,Yes
41,1214586,727749,24,Average,3,58.0,0,9,866724,5,Yes
24,884293,31198,3,Average,7,50.1,0,6,373674,0,No
34,1235106,804619,13,Average,0,58.6,2,16,320694,2,No
61,464580,14988,8,Poor,4,14.4,2,2,137906,0,No
23,1361872,762459,7,Good,4,83.7,1,5,84885,4,No
55,727936,68479,18,Good,2,94.6,0,24,420976,4,No
39,1774918,1031932,22,Good,0,25.9,2,6,1115197,2,Yes
44,247260,133254,10,Good,7,83.4,4,26,187227,1,No
59,355211,62948,21,Good,5,62.9,0,30,59808,6,Yes
40,382747,140102,6,Poor,4,32.9,2,22,208231,3,No
57,1226161,909764,13,Average,3,91.9,2,12,882422,3,No
59,1324620,306225,21,Average,2,22.6,0,29,93124,2,Yes
29,1199658,713162,20,Good,7,7.1,3,10,637069,4,Yes
52,1768861,1102199,26,Good,7,79.6,4,15,455825,5,No
35,1066364,656531,11,Excellent,3,26.1,1,17,345103,4,Yes
24,1756335,78640,15,Average,1,71.5,2,6,585393,4,No
42,960741,607985,2,Average,0,69.6,0,11,598986,4,No
39,587507,382050,12,Good,1,22.9,6,21,291154,6,Yes
24,1730219,196652,5,Average,6,93.2,0,6,324511,2,No
26,1535349,786749,10,Poor,7,24.4,3,8,1094537,2,No
29,268668,113952,30,Good,4,8.4,0,3,154335,2,Yes
57,1469467,293377,9,Good,2,77.9,1,15,512540,2,No
65,1259924,770843,19,Good,5,44.9,1,27,332373,6,Yes
38,658366,285619,30,Good,0,89.9,3,7,176211,2,No
31,1291127,101368,27,Poor,3,82.4,1,13,784153,6,No
30,1063096,572007,23,Poor,6,38.5,0,12,705813,0,Yes
46,1750439,463803,1,Average,2,19.2,6,3,868134,0,No
46,1408807,960006,15,Good,4,51.3,1,16,39634,2,Yes
61,1303143,771844,9,Good,6,51.1,0,14,943795,0,No
63,1025474,165639,16,Average,2,77.3,1,25,523020,0,Yes
55,636331,215266,3,Average,0,81.3,2,5,428196,1,No
54,1543501,562032,12,Good,5,63.4,2,3,934601,3,No
27,1713161,704784,18,Poor,5,5.6,2,9,1244127,1,Yes
48,345140,107723,12,Average,5,81.6,0,26,62616,0,No
30,1762460,141449,19,Good,3,69.8,2,12,1066996,2,No
36,304982,92909,1,Average,5,72.9,1,6,214737,1,No
57,1738242,478351,28,Average,2,35.0,2,26,440071,2,Yes
45,1641387,225496,3,Average,0,68.7,1,26,135910,5,No
43,1474315,111831,26,Excellent,6,26.9,4,9,358767,5,Yes
40,282239,63460,1,Poor,2,86.7,0,1,222769,4,No
57,914042,437248,10,Average,7,76.6,2,19,418851,0,No
24,526874,269708,28,Poor,2,14.2,0,5,315241,6,Yes
35,1734235,1226281,28,Good,4,14.5,0,16,161278,1,Yes
60,960965,461405,18,Average,5,22.9,0,26,75580,4,Yes
32,1468295,290447,13,Average,5,48.8,2,14,439139,0,Yes
51,1289639,603621,21,Good,1,30.6,1,24,733576,4,Yes
22,1367169,509264,10,Poor,5,21.9,1,4,893111,2,No
25,351033,147776,30,Average,0,21.2,1,7,138880,2,Yes
26,313172,153333,3,Good,2,61.4,4,8,161203,3,No
59,1348810,548920,7,Average,3,66.2,1,1,737282,3,No
47,206086,56907,7,Good,6,85.4,1,10,43299,6,No
22,929971,114392,23,Good,0,28.7,0,4,342371,6,Yes
26,691511,62431,4,Good,7,73.0,1,8,528514,1,No
35,192289,122875,5,Excellent,7,93.2,1,5,62843,2,No
43,538918,261481,21,Average,3,62.0,1,13,251640,3,No
21,342624,175727,21,Poor,4,29.4,0,3,9924,4,No
65,787564,104939,3,Good,2,6.3,1,20,135938,2,Yes
44,569954,248406,13,Good,5,42.4,1,12,355414,3,Yes
42,882098,308391,27,Good,0,39.8,2,8,394618,2,Yes
53,1186111,147034,23,Good,1,57.5,4,14,33407,2,Yes
52,1661124,1239485,13,Excellent,6,67.9,2,10,1034697,2,No
41,991554,371354,13,Average,2,71.4,2,1,120049,2,No
57,1417715,271163,1,Good,5,5.0,4,11,765089,1,No
62,857160,207323,5,Poor,1,42.3,0,26,350956,5,No
35,1536688,849481,30,Good,4,66.1,2,5,981374,2,Yes
48,428552,30186,25,Good,4,83.1,1,9,53287,4,Yes
61,1041789,277701,13,Average,4,90.1,2,2,47201,3,No
51,309350,146317,4,Average,6,77.0,1,2,129293,1,No
30,496275,348083,12,Poor,6,50.8,3,12,388293,6,No
30,725735,188800,6,Good,2,7.7,1,2,394605,0,Yes
49,1212532,116777,18,Poor,3,47.1,0,25,254340,5,Yes
32,982720,254170,8,Good,7,88.0,0,14,670131,1,No
48,190699,81184,17,Average,6,52.5,3,2,27278,4,No
31,1760932,198321,10,Good,2,74.3,2,13,162605,4,No
59,1047780,341775,6,Poor,3,26.6,2,13,778490,4,No
45,820473,455957,4,Good,4,73.8,2,1,492153,6,No
40,1411897,642569,14,Good,7,28.8,1,21,772818,0,Yes
56,1687630,1243430,4,Poor,5,80.7,3,9,219831,6,No
43,887173,331434,18,Excellent,3,26.8,1,25,27563,2,Yes
45,255388,44541,14,Good,0,55.1,3,27,7693,1,Yes
34,203387,66909,6,Good,2,26.4,3,16,68813,1,Yes
28,675384,128731,5,Poor,4,82.7,1,10,184153,0,No
21,1022981,626401,1,Average,3,33.4,2,3,308781,6,No
54,314832,161965,21,Good,1,80.1,0,12,36095,4,Yes
25,879309,162443,23,Average,4,55.9,1,7,374082,4,Yes
26,1290868,920288,18,Good,5,43.4,4,8,116254,5,No
48,1365574,498973,26,Poor,2,90.9,3,23,90024,0,Yes
46,315327,60935,28,Excellent,7,54.2,3,28,42950,4,Yes
43,487747,211144,20,Good,3,6.7,2,25,65691,2,Yes
42,838003,124877,24,Good,2,55.4,1,9,641773,6,Yes
64,1120240,512751,8,Good,1,41.8,3,8,375142,5,No
46,878956,509301,19,Average,4,25.5,2,16,50505,1,Yes
54,1751970,120063,12,Average,2,30.7,2,5,980132,6,No
56,465622,319623,1,Good,1,55.0,1,16,23794,2,No
39,1142361,45266,12,Good,7,80.9,1,14,492936,5,No
53,1424709,750310,21,Excellent,6,53.6,3,6,471282,0,Yes
33,416527,308138,5,Excellent,6,22.2,3,15,148287,5,Yes
26,260811,152920,15,Excellent,1,13.2,2,8,96874,3,Yes
39,419017,227631,13,Average,7,11.0,0,6,245586,4,Yes
25,1679698,949061,17,Good,1,36.3,1,0,271713,5,No
62,1485944,925261,1,Average,7,20.4,2,19,417484,1,No
34,1685463,577301,27,Good,2,11.4,3,16,691262,6,Yes
52,1171120,379262,17,Poor,5,21.4,1,11,275172,0,Yes
31,409104,27559,14,Good,2,78.2,2,4,322900,5,No
30,703886,514863,10,Excellent,2,47.2,1,12,291780,0,Yes
54,1681584,117308,20,Good,6,24.9,1,12,219041,2,Yes
28,1705842,692157,13,Excellent,1,15.9,2,3,1060172,1,Yes
38,1490292,1054983,15,Poor,4,75.6,3,6,1101014,6,No
36,651082,425117,25,Excellent,6,58.9,2,2,506172,3,Yes
64,1751564,595304,11,Average,7,89.4,2,7,299810,2,No
42,1778099,941846,20,Good,6,32.9,2,10,875292,5,No
28,1327116,350601,9,Average,0,48.9,2,10,389959,4,No
50,317653,168210,19,Poor,2,47.9,2,0,13714,3,No
21,912763,484253,10,Good,4,25.2,5,3,370412,1,No
32,1510228,1057215,24,Excellent,6,56.9,1,14,513369,3,Yes
27,333077,45300,4,Average,6,79.4,1,6,175158,1,No
37,850739,606938,26,Excellent,2,59.8,2,0,218345,2,Yes
28,448854,162899,18,Average,5,16.8,1,10,252712,5,Yes
61,426242,246789,18,Good,5,38.8,2,5,40973,1,Yes
57,673158,477015,26,Average,2,45.9,1,4,157341,1,Yes
55,1482887,444311,25,Average,0,52.8,5,26,1098718,3,Yes
57,1679118,838033,9,Excellent,6,62.4,2,4,895173,6,No
57,700498,481612,23,Excellent,3,27.8,2,1,296492,0,Yes
28,1655153,1224975,19,Average,0,83.8,1,9,1214568,5,No
24,1680071,1081732,10,Good,2,49.0,1,2,151277,6,No
47,339292,101084,24,Excellent,2,29.6,1,22,114669,5,Yes
21,464154,329125,4,Good,1,71.8,4,3,250292,6,No
50,359838,163160,22,Good,3,79.1,0,1,20878,2,No
44,654013,329504,28,Good,7,6.9,2,13,127542,6,Yes
63,676758,293802,18,Average,0,17.3,1,28,434764,5,Yes
38,459713,303450,15,Good,2,93.1,1,20,317828,3,No
57,497013,346607,1,Excellent,6,6.3,2,15,186298,4,No
21,373718,151562,15,Average,3,45.8,1,3,73853,6,Yes
39,1247745,572289,16,Average,5,34.3,1,14,357783,1,Yes
41,1353930,240440,11,Excellent,3,16.4,2,16,788889,1,Yes
26,1615177,449205,23,Good,3,11.7,3,8,961834,0,Yes
36,445888,66637,4,Good,5,36.0,1,11,53003,5,No
32,1376179,442152,14,Average,6,65.7,0,14,907447,5,No
26,1673293,239741,15,Excellent,0,83.4,4,8,992138,5,No
29,822804,131502,22,Good,1,69.8,1,11,575801,6,Yes
45,667510,81248,29,Good,4,24.0,2,3,174899,4,Yes
53,384451,232298,7,Average,0,69.8,2,3,217779,2,No
42,460466,79957,9,Average,7,44.5,2,5,192752,4,No
22,1219550,280779,21,Good,0,45.1,1,4,438972,0,Yes
22,517913,274572,10,Excellent,1,24.3,3,4,296316,1,No
64,971787,585445,22,Good,3,9.3,0,24,127587,5,Yes
46,1295731,478156,5,Average,0,22.9,1,10,713350,2,Yes
62,400972,172072,24,Average,5,34.8,2,12,25215,5,Yes
46,794390,468709,2,Good,4,40.5,3,2,475494,2,No
57,495014,181643,18,Average,5,68.5,4,1,80285,2,No
28,1599541,156620,20,Excellent,3,82.3,1,10,1174832,6,Yes
53,671450,45472,15,Good,7,59.7,2,26,300323,5,Yes
54,1284849,598672,24,Poor,3,78.0,2,3,682236,0,No
30,869556,613609,5,Average,2,85.9,1,12,104724,0,No
65,430100,106739,30,Average,3,83.7,2,6,93729,2,No
21,1713854,1020206,9,Average,7,87.0,1,2,250002,4,No
57,1550485,277869,11,Good,5,28.9,3,9,939884,0,No
40,1289816,97321,10,Average,5,21.4,2,22,563251,1,Yes
48,1306370,456679,7,Good,3,11.4,1,11,1012081,6,Yes
50,1263094,535779,22,Good,2,54.5,2,11,370672,3,Yes
57,758688,404970,10,Average,3,85.1,3,22,272159,3,No
29,1338423,681131,3,Good,7,29.5,4,11,411120,3,No
56,1490875,875102,10,Good,3,34.5,2,25,262654,1,Yes
54,1621296,384634,14,Good,7,11.6,1,5,1276153,6,No
41,1508263,511797,28,Excellent,6,33.8,1,7,310107,6,Yes
64,844468,241205,14,Good,2,61.0,4,23,64703,3,No
53,947629,499277,13,Good,4,37.2,1,16,671665,1,Yes
24,1301164,316053,12,Average,7,85.4,2,6,995678,3,No
45,1145188,637352,25,Poor,3,77.9,3,8,125350,5,No
25,702220,70910,23,Good,7,63.8,4,7,271247,6,No
50,968443,186661,25,Good,0,12.6,2,19,224373,3,Yes
61,346703,148192,24,Good,2,38.6,4,0,272907,0,Yes
32,822613,293739,27,Good,2,86.3,2,0,552729,4,Yes
47,988258,48012,20,Average,5,46.0,3,17,222621,5,Yes
29,1218660,671008,22,Poor,0,59.9,1,11,677799,1,Yes
31,1724619,743883,5,Average,5,53.3,2,13,1044838,4,No
53,1680134,871172,21,Excellent,2,59.6,1,29,483433,3,Yes
27,230939,59753,9,Good,1,65.9,4,6,108359,3,No
63,973153,378157,5,Poor,2,16.4,1,11,737272,4,No
49,1596953,126221,29,Average,0,92.6,1,19,896595,3,Yes
57,810527,562092,1,Good,2,45.2,1,0,222540,2,No
59,390545,148325,25,Good,5,36.8,1,15,268871,2,Yes
27,1706912,219687,27,Excellent,6,22.9,0,9,625430,2,Yes
51,1533324,886885,2,Excellent,3,58.0,6,5,95136,0,No
60,1644224,1229509,24,Good,3,82.2,3,8,1029754,5,No
40,940129,701091,7,Good,7,43.9,1,9,419776,1,No
48,1295488,941081,27,Poor,5,64.7,4,15,838875,6,No
49,1432557,380304,19,Good,4,59.4,1,6,837875,1,No
41,814122,482425,24,Average,6,87.5,6,23,334967,0,No
64,338056,66185,22,Excellent,3,12.5,0,13,146048,5,Yes
35,353921,259527,16,Good,1,28.6,2,17,46013,2,Yes
56,401972,235777,5,Good,2,63.4,2,30,45783,6,No
45,935612,169166,7,Good,1,52.3,0,16,673678,3,Yes
37,336498,240991,26,Average,1,44.5,2,4,257974,3,Yes
41,802893,473136,17,Excellent,2,22.0,4,7,171130,0,Yes
37,490375,18765,8,Good,0,83.5,0,19,373217,5,Yes
58,978519,106899,15,Good,7,52.9,2,3,562332,4,No
61,304447,219238,1,Excellent,6,28.8,1,16,39300,1,Yes
39,628625,299357,1,Average,5,73.7,4,21,298492,3,No
23,345937,85718,6,Poor,5,49.8,1,5,54799,5,No
30,1285057,760229,8,Average,1,31.5,1,9,566481,4,No
55,216035,97251,10,Average,4,90.6,2,6,20345,3,No
22,412549,307921,7,Good,1,56.6,2,4,184217,4,No
28,793859,545072,22,Average,6,14.4,1,10,597003,5,Yes
59,1205014,64450,1,Good,2,89.9,1,14,387367,5,No
44,467313,139708,27,Poor,4,91.5,0,25,284757,2,Yes
60,1386123,179194,29,Good,4,28.7,1,21,1070906,1,Yes
40,1240899,847201,3,Average,2,68.9,0,22,927156,4,No
26,1679576,1226330,5,Good,2,32.1,3,4,509071,5,No
40,825822,365982,21,Excellent,4,88.6,3,19,82293,1,No
47,1539501,1051817,6,Poor,3,14.3,0,10,583287,3,Yes
43,1197541,134592,10,Good,6,21.3,4,12,766011,4,Yes
63,1360788,51105,27,Poor,6,74.9,1,6,1076484,0,Yes
48,1084850,658735,4,Poor,0,49.4,1,5,365874,2,No
54,1518530,96913,21,Average,7,19.6,4,22,76990,3,Yes
55,1642073,953481,23,Good,3,77.5,0,19,1198013,2,Yes
40,1524613,523603,2,Average,6,39.4,1,22,1018073,0,No
55,631157,358777,10,Poor,2,25.7,4,19,297469,5,No
46,313241,161882,10,Average,6,87.0,0,19,21940,0,No
32,1647223,312591,21,Excellent,6,73.0,3,7,580330,4,No
40,461755,37430,11,Poor,3,37.8,3,19,239027,0,No
45,1376553,470612,4,Good,7,5.8,1,27,32213,0,Yes
60,947524,377474,12,Good,7,85.2,5,26,287422,1,No
47,1390578,69000,13,Average,5,22.8,1,12,1057267,3,Yes
26,641552,253477,10,Poor,5,69.9,6,8,149962,1,No
26,819430,128477,20,Excellent,1,67.1,4,8,324098,4,Yes
43,290155,124183,3,Good,1,45.3,1,25,89096,0,Yes
29,463780,98670,28,Good,5,67.1,2,11,82529,2,Yes
28,436695,273017,10,Average,4,35.8,1,2,319103,6,No
40,1210596,411589,4,Good,7,51.5,3,16,192105,2,No
21,1699904,1085050,1,Average,4,81.0,1,3,563481,6,No
60,1695592,953557,27,Poor,2,17.1,2,18,289329,6,Yes
55,1480995,1070505,20,Poor,4,83.3,1,3,954350,6,No
52,643001,134800,21,Excellent,7,48.6,1,7,57465,0,Yes
22,312503,35703,24,Good,2,48.5,0,4,200223,6,Yes
44,1112477,118549,30,Poor,6,68.8,2,19,123202,2,No
29,481454,230072,23,Average,6,73.0,2,11,13213,3,No
24,901384,587750,26,Good,7,8.8,0,6,372786,2,Yes
55,1060179,550525,25,Average,1,44.9,3,17,94942,5,Yes
57,869115,327608,27,Good,3,93.0,4,1,648923,5,No
28,216321,105631,8,Average,2,70.9,2,10,140365,4,No
39,1498508,595814,14,Good,1,33.0,2,21,602000,5,Yes
30,1788507,562572,27,Good,4,78.5,2,12,773596,1,Yes
29,328694,175694,21,Good,3,9.9,3,1,221695,5,Yes
45,704628,375357,5,Excellent,3,16.4,1,5,16442,6,No
29,1556401,729850,22,Poor,4,34.6,5,11,80504,4,No
35,880336,280544,1,Poor,1,40.4,0,17,498055,6,No
41,630930,152460,29,Good,1,40.4,2,23,40592,3,Yes
31,1212038,217242,8,Good,0,76.2,2,13,777215,3,No
34,1350575,857014,20,Good,2,58.5,2,8,455697,0,Yes
38,467681,302005,8,Excellent,5,5.4,0,9,58540,6,Yes
58,1755068,773894,26,Good,4,23.2,1,21,337954,5,Yes
45,1161890,127890,26,Good,7,67.5,1,26,543336,2,Yes
40,1551640,273825,24,Average,4,39.8,3,3,423447,2,No
31,1278423,92758,21,Average,3,52.3,2,11,296733,5,Yes
55,1057611,678632,22,Good,2,53.4,4,6,642738,6,No
64,1369083,579977,15,Good,4,59.8,1,9,385523,4,No
31,248008,133542,6,Average,6,33.5,2,13,122337,3,No
50,978843,34978,17,Excellent,1,67.1,2,15,306791,5,Yes
29,1382821,385600,16,Average,6,26.2,0,11,848810,3,Yes
55,935678,373603,26,Excellent,6,19.6,1,19,155628,5,Yes
48,1321069,191462,28,Average,7,47.9,0,8,361545,5,Yes
44,1188559,807027,22,Good,4,29.5,2,21,595122,0,Yes
32,559039,360208,7,Average,6,57.9,1,14,412370,6,No
54,1112883,170753,2,Good,0,12.0,3,27,527984,6,Yes
64,1288447,298169,6,Average,3,73.1,3,19,686667,5,No
55,1202378,479939,19,Average,6,17.6,3,19,357580,4,Yes
42,1325935,50750,13,Excellent,0,85.1,1,8,700186,3,Yes
34,538690,136396,19,Average,7,55.9,2,10,426813,5,No
59,1056110,256570,1,Good,6,52.7,2,26,611390,5,No
39,1413954,618852,22,Excellent,0,85.4,0,6,1074173,3,Yes
40,907067,467654,16,Average,1,82.4,4,22,394299,2,No
32,1270445,53367,1,Good,1,76.7,2,14,308628,3,No
46,498766,276679,6,Average,6,87.0,2,6,391470,1,No
60,373226,122750,6,Excellent,1,31.0,5,24,257430,2,Yes
58,1553259,810936,18,Good,3,79.4,2,3,685190,5,No
28,1685958,600245,17,Good,1,67.6,1,10,211645,2,Yes
45,952577,319909,11,Average,2,41.7,4,27,345311,2,Yes
46,1188806,448656,9,Good,7,94.7,1,6,588377,4,No
54,956676,669733,15,Good,3,81.1,0,3,325329,4,Yes
55,578465,147660,24,Good,1,88.0,4,26,138812,2,No
28,1438870,684797,9,Average,3,36.9,1,6,1001764,4,No
57,950188,628736,15,Good,6,70.9,3,14,671493,2,No
38,1153619,198145,9,Average,4,49.3,1,5,455174,6,No
57,284555,125556,25,Good,1,88.3,3,1,52171,6,No
48,557539,231205,7,Good,4,92.8,2,14,155075,6,No
50,1710295,198539,3,Poor,4,92.0,2,24,379286,1,No
21,1277643,730877,4,Excellent,4,5.8,5,3,774162,1,No
21,584772,187121,30,Excellent,5,67.8,0,3,280884,1,Yes
35,709992,506459,29,Good,1,63.5,1,1,261732,4,Yes
36,822249,315973,2,Poor,1,57.9,3,2,375671,5,No
52,785730,117525,1,Good,0,50.5,2,16,469903,0,No
32,1477638,515963,26,Poor,6,67.6,2,14,555452,4,No
51,925182,269182,4,Good,4,19.4,1,10,373891,4,No
52,1139131,329745,2,Good,7,64.5,0,21,761440,4,No
62,723088,61636,3,Excellent,2,92.9,1,15,291579,0,No
59,1224257,504554,4,Excellent,2,69.5,0,1,163212,1,No
44,960926,45906,25,Average,4,49.8,0,16,698968,6,Yes
28,213866,8996,22,Good,1,70.7,0,10,8884,4,Yes
60,366987,77007,15,Average,3,38.6,3,22,198038,1,Yes
38,1037342,671915,1,Good,6,28.4,1,20,481904,6,No
46,1775476,1121202,22,Average,6,15.1,1,21,558494,3,Yes
62,1532790,201711,25,Good,7,55.1,0,14,394200,4,Yes
47,1068036,771159,2,Good,1,37.4,0,0,136049,6,No
25,1661571,1031499,2,Good,5,73.6,5,4,842462,5,No
24,1140374,808200,28,Excellent,6,78.0,2,6,322503,6,Yes
53,1286351,597109,26,Good,4,53.1,1,9,222341,3,Yes
40,1021675,493809,9,Poor,0,22.6,4,5,71056,1,No
65,735083,204551,16,Poor,7,32.3,2,24,31706,2,Yes
36,419779,131717,2,Good,7,46.8,0,18,111386,4,No
57,540890,228383,8,Poor,3,38.7,3,2,90994,5,No
65,1021531,597529,29,Excellent,1,91.4,6,10,158914,1,No
64,367771,26703,29,Average,3,53.1,1,13,223359,3,Yes
43,1793447,627815,6,Excellent,0,19.5,1,21,1299820,3,Yes
63,653866,20250,10,Average,6,46.4,1,26,308025,2,No
25,728884,355345,10,Average,7,57.1,2,7,474590,3,No
25,726015,91118,18,Good,0,31.2,2,0,250524,5,Yes
47,1455303,712064,15,Average,0,26.7,0,0,870542,4,Yes
65,1516921,826622,29,Good,7,22.1,2,14,284199,1,Yes
24,1756590,69177,11,Good,4,16.2,2,6,1104972,3,No
23,199675,79865,2,Good,1,65.5,1,2,14336,2,No
45,1431772,765992,10,Good,6,75.6,1,11,105269,1,No
42,1522630,79508,16,Average,0,14.3,3,7,570836,1,Yes
50,243646,111477,27,Average,3,40.0,2,13,177207,1,Yes
33,825275,355911,1,Average,2,55.9,1,15,403194,6,No
65,1258560,245424,17,Good,5,81.9,0,9,389524,0,No
37,388944,37460,20,Good,1,56.3,2,19,65028,1,Yes
44,1327272,718429,17,Good,4,14.8,1,26,707469,5,Yes
62,1747343,219655,10,Good,2,20.6,2,19,1014140,1,Yes
31,1013525,541537,18,Average,7,13.9,5,5,546983,1,Yes
52,1719600,285942,30,Average,4,9.6,0,18,582988,3,Yes
22,849927,237574,7,Good,7,25.7,1,4,134378,2,No
31,916400,586478,10,Average,0,48.3,2,11,372325,0,No
36,1023441,438477,12,Good,5,67.9,3,18,43308,1,No
61,1423085,496661,10,Poor,7,71.2,4,17,458947,6,No
55,452900,327125,4,Good,6,90.8,0,5,311888,6,No
42,1467087,649510,19,Excellent,5,57.2,3,24,671600,4,Yes
42,1473703,272706,17,Poor,4,15.3,1,15,736314,4,Yes
29,1121763,657591,9,Good,4,24.4,4,11,138629,3,No
50,225232,82705,1,Good,1,29.5,2,15,94935,0,Yes
23,442093,116688,29,Poor,0,52.6,3,5,251975,4,No
41,755919,402418,7,Good,5,18.7,2,23,447290,3,No
25,468859,105718,16,Poor,4,32.4,1,7,323529,0,Yes
60,917685,512446,4,Good,4,57.5,2,30,542141,4,No
45,842550,336587,18,Good,6,56.8,1,0,235772,2,No
39,1552429,531419,18,Average,2,56.4,2,17,915822,2,No
64,1554598,515162,8,Good,6,14.6,3,27,1014705,1,Yes
37,1528207,870407,30,Excellent,2,90.4,2,19,225027,5,Yes
51,1206630,431380,25,Excellent,0,37.7,3,28,24939,4,Yes
52,758328,105679,28,Good,3,47.8,3,10,576690,5,Yes
46,482929,311522,9,Good,2,28.0,4,6,281947,0,No
65,823942,368634,27,Poor,5,11.7,1,24,312559,0,Yes
50,403332,147152,8,Good,6,44.7,2,16,251835,0,No
49,1026143,604326,24,Excellent,2,16.2,1,18,404863,3,Yes
38,1296271,723011,29,Good,4,50.1,1,13,311844,2,Yes
61,435948,195506,17,Excellent,3,49.5,4,1,290907,3,Yes
39,467139,136023,5,Average,4,46.2,2,21,224515,4,No
26,321521,233889,17,Good,3,83.7,4,8,7596,0,No
28,955158,533356,2,Average,2,49.5,0,6,589121,0,No
56,1030741,770282,28,Good,6,78.8,2,6,345903,6,No
48,712994,484998,14,Average,2,66.5,3,7,332677,6,No
58,347647,123589,27,Good,7,68.5,1,25,73851,6,Yes
46,473894,261837,13,Good,4,53.9,1,9,300741,3,No
37,1370631,332887,26,Average,7,88.3,1,7,301371,5,No
40,213787,70481,5,Excellent,3,69.6,3,9,165464,2,No
60,896987,469559,12,Average,2,94.0,1,21,594928,4,No
53,1248650,356733,10,Good,2,74.4,3,28,230395,4,Yes
35,294586,116231,15,Average,0,90.3,0,17,111594,2,Yes
55,1288076,847955,16,Good,3,25.1,0,8,845521,4,Yes
24,1202788,169379,17,Good,4,43.7,1,6,541719,2,Yes
52,935600,661988,9,Poor,1,48.0,2,21,174563,4,No
63,825194,555700,17,Good,3,79.6,2,23,331246,3,Yes
52,815719,138507,16,Excellent,5,37.7,3,24,25873,2,Yes
50,975600,64782,4,Average,2,60.7,1,9,588185,3,No
64,191390,90838,4,Good,1,5.9,0,4,146463,4,Yes
28,834224,66563,29,Good,6,71.4,2,1,285084,6,No
49,1555807,115997,16,Average,2,65.5,5,1,402952,5,No
60,1174969,56599,22,Good,4,50.7,3,27,811506,2,No
65,1682025,975199,6,Good,5,65.4,3,14,216411,5,No
65,904984,614611,7,Average,7,55.9,0,14,411044,4,No
62,1251860,593879,16,Good,5,49.4,0,17,160231,2,Yes
26,542455,269402,4,Good,4,10.1,4,8,339551,1,No
48,209725,7155,10,Good,3,78.2,2,24,126089,4,No
57,182352,57587,13,Poor,6,23.0,3,5,80892,2,No
60,970144,182159,4,Average,1,87.8,1,12,529554,1,No
59,1343369,179402,21,Good,6,58.4,6,14,489299,4,No
63,655595,123556,21,Average,5,5.3,4,20,445158,2,Yes
25,1617188,926145,14,Average,4,78.9,4,7,852484,3,No
52,961198,712967,16,Poor,2,9.5,2,27,223695,2,Yes
54,1647071,573275,27,Average,1,66.9,3,27,499426,1,Yes
55,1431011,285051,29,Poor,4,62.9,2,22,901316,4,Yes
49,777218,255401,8,Poor,5,77.1,2,6,485662,0,No
48,1471293,180365,1,Poor,3,44.1,1,21,89229,4,No
23,847689,496794,4,Good,5,41.4,0,5,289588,1,No
43,1430956,981695,24,Average,6,5.5,3,17,317177,0,Yes
60,1501836,934437,12,Excellent,3,46.4,1,25,465757,3,Yes
65,429430,129302,2,Average,0,31.8,2,26,90440,3,Yes
29,340381,99372,8,Good,6,11.4,1,11,184237,3,Yes
46,1193539,611017,15,Good,4,31.8,2,7,416238,5,Yes
48,334249,120536,20,Average,3,18.1,3,15,30179,1,Yes
25,1109242,271337,17,Poor,6,89.8,3,7,537579,5,No
64,620991,283456,24,Good,4,54.1,1,9,163984,6,Yes
60,1058453,491546,27,Average,6,94.8,3,1,209193,6,No
21,324129,156758,30,Good,0,9.0,5,3,128553,0,Yes
59,735689,129905,16,Excellent,3,64.5,2,30,456870,2,Yes
63,763098,50482,19,Good,0,6.1,6,22,256037,5,Yes
41,862568,365504,23,Good,3,42.0,1,0,61307,5,Yes
48,1318040,517835,2,Good,2,13.0,1,18,525758,2,Yes
45,315832,126514,25,Excellent,0,33.8,4,23,134874,6,Yes
32,981625,244478,5,Good,4,62.1,4,13,670725,3,No
44,1537453,928609,17,Average,3,40.8,2,1,103218,3,No
24,933158,277374,15,Average,7,68.6,1,6,542291,1,No
37,890644,162881,2,Excellent,2,61.2,4,8,249379,1,No
35,1770999,1141227,4,Good,2,27.3,3,0,354462,5,No
60,729844,319157,28,Average,1,85.2,1,26,222002,4,Yes
37,1493379,383312,27,Excellent,4,51.0,1,19,357981,5,Yes
22,585453,124468,3,Poor,0,86.5,0,2,70908,3,No
40,1639700,246891,14,Good,5,59.6,2,20,478600,3,No
55,1239325,275964,27,Excellent,1,53.4,1,6,915616,5,Yes
41,413782,86753,20,Good,3,72.2,2,11,264153,3,No
49,1344795,480321,4,Good,7,59.3,1,2,684340,4,No
45,814457,50566,13,Good,5,94.4,2,10,256984,6,No
34,1409787,351479,27,Average,6,84.7,3,10,392503,5,No
37,1334424,465052,2,Good,4,6.7,1,2,56715,1,Yes
24,1342126,820786,10,Average,0,36.3,2,6,861216,3,Yes
58,1302647,572246,27,Average,1,33.1,1,27,344860,0,Yes
31,701998,204118,4,Good,5,45.5,2,13,223267,6,No
27,1290644,157079,20,Good,3,73.6,1,4,262688,0,No
43,1653447,1105703,12,Excellent,7,45.5,2,21,1127469,5,Yes
29,1184001,569563,18,Good,7,25.9,4,11,714073,1,Yes
59,777093,546663,18,Good,6,29.2,4,21,502174,1,No
57,985878,393665,9,Good,3,20.5,1,16,82638,6,Yes
30,1731330,203391,14,Average,2,81.2,1,12,109105,5,No
26,1033695,267723,8,Good,3,76.3,2,8,809418,6,No
56,1404744,812723,23,Good,4,69.5,1,17,798092,2,Yes
62,793375,384955,2,Good,2,76.2,4,6,23677,2,No
60,1497630,504359,11,Good,6,6.1,2,14,71845,5,Yes
50,1032129,101493,29,Average,2,47.2,0,28,371498,1,Yes
32,664814,266075,18,Excellent,4,45.4,0,13,425207,1,Yes
39,1259583,320726,9,Average,2,15.3,2,7,242381,3,Yes
33,1419444,505458,22,Excellent,7,46.5,2,15,921630,5,Yes
43,1315841,856211,26,Poor,2,50.2,1,25,174688,2,Yes
52,601614,23394,6,Average,3,80.6,2,4,42143,6,No
40,1315092,80218,20,Poor,3,44.6,0,15,349754,6,No
40,748302,174526,7,Good,4,65.2,1,13,156833,0,No
55,1541303,1043658,9,Good,2,33.4,0,3,476081,5,Yes
39,1716081,401601,26,Average,2,21.9,3,20,267911,6,Yes
26,718645,133065,10,Poor,7,23.4,0,8,439610,0,No
23,1370888,835658,9,Excellent,4,20.9,2,5,814573,0,Yes
32,1490077,646849,20,Excellent,4,34.9,4,5,1071777,0,Yes
48,239182,83700,16,Good,7,87.1,4,18,30773,3,No
32,844929,206247,10,Average,2,75.8,3,2,408904,4,No
62,219279,77054,13,Good,6,79.7,3,20,143482,1,No
43,858743,335205,7,Good,2,57.9,1,20,181252,2,No
50,695693,463843,7,Average,1,14.9,2,1,533251,6,Yes
57,1640537,937086,4,Average,3,78.8,0,18,313149,0,No
31,1449671,263496,4,Average,3,5.8,1,13,445695,4,No
22,557501,118656,21,Average,2,94.2,4,4,82331,1,No
21,1729420,203804,4,Good,5,75.2,1,3,1321034,5,No
30,1459180,76272,13,Average,2,61.7,2,12,109922,0,No
62,899407,583608,21,Good,0,29.7,0,18,382316,2,Yes
28,230601,171045,12,Average,7,11.2,0,10,175483,5,Yes
54,1306418,912137,8,Average,2,38.2,1,18,603892,5,No
34,1594022,849521,2,Excellent,3,16.9,0,8,889808,0,Yes
21,284195,20927,1,Excellent,4,13.5,1,3,195937,0,No
25,627557,409055,1,Poor,3,54.0,1,7,110704,5,No
56,513373,321497,30,Good,1,45.5,1,16,97924,0,Yes
52,673948,416376,10,Good,3,25.6,3,17,19699,1,Yes
43,1119947,220706,6,Good,3,63.4,4,8,282649,1,No
32,1133692,402301,26,Good,3,70.6,1,14,706667,2,Yes
48,614995,216026,12,Good,6,14.0,0,13,469257,2,Yes
57,1095387,335150,4,Average,5,90.9,0,4,311817,2,No
33,1262660,85064,10,Excellent,2,11.0,1,15,545089,2,Yes
53,1596207,649118,10,Average,1,6.3,3,1,1164253,0,Yes
27,1763214,214849,26,Good,2,85.3,4,6,97371,3,No
46,881979,461214,13,Good,5,25.4,2,28,324274,0,Yes
37,1045363,633645,3,Good,6,26.8,5,9,238978,1,No
58,934444,507898,28,Average,4,46.6,2,6,150695,2,Yes
62,1280500,235675,18,Good,5,48.4,2,24,343879,0,Yes
58,1204729,894661,18,Poor,4,25.4,0,26,718460,0,Yes
33,1013731,471155,10,Good,5,72.0,3,8,702213,6,No
57,929122,118645,5,Average,4,88.3,5,2,578547,4,No
54,756677,465297,4,Good,7,24.4,3,26,418442,3,Yes
58,1404491,458415,26,Average,4,72.7,3,30,133762,3,Yes
57,922488,644483,15,Good,0,28.6,3,2,482250,0,Yes
40,924199,119130,11,Poor,5,48.4,1,0,140046,6,No
58,1232330,700658,12,Average,0,28.1,0,11,106232,1,Yes
64,294397,55786,30,Average,6,83.9,1,5,93127,5,No
36,262279,67977,30,Excellent,7,34.9,2,8,59360,1,Yes
64,1741456,487186,12,Poor,6,73.9,3,15,945859,3,No
54,357912,214681,6,Good,0,5.2,3,19,152104,2,Yes
48,1518486,541457,21,Excellent,6,89.0,1,19,788397,4,Yes
52,375246,120882,6,Average,4,6.0,2,18,30472,1,Yes
48,858841,497512,12,Good,1,28.2,1,29,253393,4,Yes
50,1410844,864443,12,Poor,2,32.7,2,1,628771,3,Yes
56,975928,252800,23,Excellent,3,51.1,0,21,540502,1,Yes
58,623031,243689,12,Poor,6,62.4,5,12,253643,4,No
59,1021535,456487,15,Good,6,22.4,0,29,467963,6,Yes
63,1353650,488287,12,Poor,2,72.1,0,28,723964,5,Yes
34,727993,238750,19,Average,3,59.9,0,16,92666,3,Yes
50,403894,22297,16,Excellent,3,11.8,2,27,60763,0,Yes
24,848590,502946,20,Excellent,2,12.6,1,6,675339,5,Yes
46,949605,299040,30,Good,0,70.0,1,6,289408,3,Yes
42,1421968,1017758,27,Average,1,62.8,0,24,147723,2,Yes
59,1043403,683868,18,Excellent,1,50.8,1,1,505011,0,Yes
53,1076782,354514,14,Good,5,61.6,3,16,554794,2,No
46,1587753,1000639,7,Good,2,86.8,3,0,249440,6,No
40,1677652,149337,14,Average,2,93.4,3,0,687179,3,No
31,705069,325553,25,Average,0,92.4,1,13,199714,1,No
65,1798702,1056734,29,Average,4,46.5,2,10,486086,5,Yes
55,1789473,167261,19,Average,5,30.8,0,2,613835,3,Yes
21,1424380,225165,22,Average,7,8.1,0,3,1012387,6,Yes
65,872841,528764,3,Good,1,50.1,0,30,686949,6,No
38,1552236,114858,28,Average,0,90.8,1,4,629498,4,Yes
22,986564,184244,15,Poor,7,55.0,1,4,327469,3,No
35,587442,45762,8,Good,0,18.1,3,14,40647,4,No
22,1520020,312342,20,Average,1,54.4,2,4,966717,3,Yes
63,1665147,454624,11,Average,2,85.5,1,10,737126,3,No
60,316554,158121,26,Good,6,13.5,4,16,23967,2,Yes
44,1265063,289561,23,Average,6,66.8,2,19,505177,3,Yes
53,1710891,659242,21,Average,5,78.3,2,6,741191,4,No
45,1254168,358962,15,Good,6,73.7,2,2,173488,1,No
65,699165,144934,29,Good,7,18.9,1,20,31455,4,Yes
52,760595,127487,14,Excellent,3,83.3,3,22,180077,4,No
44,1680186,345341,10,Average,1,13.1,0,21,541756,2,Yes
22,1613441,54614,1,Poor,5,77.4,1,4,1165905,2,No
50,1350834,500592,29,Poor,5,41.9,2,2,577566,5,Yes
56,523567,312747,4,Excellent,2,68.4,0,28,275869,4,Yes
45,1323657,527315,15,Good,4,60.3,0,9,766081,5,No
27,1132246,373216,14,Average,4,38.9,0,9,255760,5,No
22,1174170,471165,23,Good,7,5.5,2,4,556998,6,Yes
26,1656313,326426,4,Good,1,39.5,3,8,988850,4,No
65,782276,133411,1,Average,1,59.1,2,29,553537,5,No
36,1527098,1093061,30,Good,6,78.7,2,18,715630,0,Yes
51,198073,101786,18,Average,3,68.9,3,3,44305,1,No
56,668906,59755,20,Excellent,7,23.4,1,26,286645,2,Yes
56,575807,258319,7,Good,1,19.6,1,15,408932,3,Yes
56,808864,574683,7,Good,2,19.8,0,25,580145,0,Yes
29,1761074,879849,7,Average,2,47.2,2,0,890911,5,No
53,1210697,696604,18,Average,1,93.8,2,14,561669,2,No
54,949727,176349,5,Average,2,11.5,2,17,691507,5,Yes
31,1067516,184836,20,Average,5,48.1,2,13,269204,3,No
54,1270668,931215,28,Good,6,63.1,4,10,641159,3,Yes
43,581067,110219,12,Good,3,14.0,0,20,57139,4,Yes
21,257175,112412,3,Good,7,85.8,0,2,81548,6,No
45,1737922,741670,12,Average,2,66.3,2,15,1026028,3,No
63,1318882,286084,13,Average,6,32.1,3,1,41735,5,No
29,400169,159605,26,Average,6,55.0,2,11,113148,5,Yes
22,1653682,121798,24,Poor,3,68.8,3,4,116534,6,No
22,887650,167542,9,Excellent,2,54.0,2,4,453503,6,No
24,1128763,686348,14,Average,4,89.3,1,6,764710,6,No
65,1639501,640245,30,Poor,7,25.0,0,4,467941,3,Yes
49,582980,260782,25,Good,5,44.2,2,11,309980,5,Yes
43,794805,123464,13,Poor,3,29.2,0,12,97676,5,Yes
36,405469,73480,1,Poor,6,86.0,1,13,112846,2,No
36,384366,15198,28,Excellent,2,31.7,1,8,55335,2,Yes
37,1078850,108672,26,Good,2,30.8,2,19,163973,5,Yes
60,868725,501693,29,Good,2,36.1,2,13,629749,1,Yes
27,1708502,950667,10,Good,4,20.9,1,9,1033334,6,No
65,1798963,509305,20,Good,2,85.4,0,12,430203,6,Yes
60,351918,73765,13,Good,1,55.4,1,22,18110,3,No
57,1666516,1222997,4,Good,4,25.6,1,15,990385,4,No
44,1282127,265376,3,Good,0,70.2,2,20,336922,3,No
60,1629031,968668,17,Poor,7,23.0,0,20,714379,6,Yes
56,622632,369268,19,Poor,3,77.5,2,28,377443,2,Yes
53,1586368,1090283,21,Excellent,0,65.6,1,26,1236266,2,Yes
37,421225,105788,26,Good,1,53.4,2,19,290351,3,Yes
32,898675,308012,26,Average,7,60.6,4,14,17980,0,No
21,336570,164782,18,Good,1,37.7,7,3,105060,3,No
34,1408343,689682,18,Excellent,7,37.2,1,4,162020,5,Yes
41,842212,297403,26,Good,1,6.8,3,23,24413,0,Yes
56,812259,507871,4,Average,1,75.3,1,24,455955,4,No
25,1650801,377283,20,Excellent,7,78.1,3,4,881638,2,No
45,676762,53424,26,Excellent,3,55.0,4,10,241755,5,Yes
52,1340793,737979,1,Good,7,75.8,3,5,613987,2,No
33,210447,72749,21,Good,4,18.0,4,4,117452,6,No
29,362051,230436,17,Excellent,3,83.6,3,4,146118,6,No
42,1247609,377990,8,Average,4,49.6,0,1,364692,3,No
28,305149,82893,24,Average,6,82.9,2,10,27431,0,No
45,471077,25983,12,Average,2,73.2,2,3,323785,2,No
26,1541871,886369,8,Average,7,6.8,3,8,1175490,6,No
37,935111,517884,14,Good,6,41.9,1,17,565557,0,No
23,626636,174559,19,Excellent,7,42.6,1,5,205882,5,No
55,1387786,888888,17,Poor,1,83.9,2,17,133855,6,No
64,1645744,663496,13,Excellent,4,32.3,1,1,1077248,5,Yes
21,509638,269701,3,Average,1,13.7,0,3,306025,2,Yes
24,696595,204262,4,Good,1,28.7,6,4,339525,1,No
65,604127,255916,11,Good,2,17.5,0,3,447411,5,Yes
26,863404,313798,10,Excellent,1,30.7,4,5,682028,6,No
21,676013,349623,19,Poor,3,92.5,1,3,203872,3,No
53,750442,193296,12,Good,5,41.9,1,6,478843,6,No
35,1416530,81340,27,Good,4,36.5,1,5,930925,3,Yes
42,822650,299874,24,Poor,5,64.5,4,11,615649,5,No
63,308046,126765,14,Poor,1,17.1,1,1,142580,2,No
44,1700404,1155612,25,Average,0,93.8,3,24,1121312,3,No
28,248099,129931,8,Poor,0,81.0,1,10,194593,1,No
47,821211,314601,29,Good,6,27.0,1,1,598846,5,Yes
26,1796596,1215173,17,Excellent,1,58.9,2,8,478215,4,Yes
42,1757969,492029,21,Good,1,71.7,1,9,347196,1,Yes
64,1135154,56546,24,Good,3,83.5,4,25,741781,0,Yes
31,748926,130887,27,Good,4,33.7,0,13,132924,1,Yes
34,970645,590479,20,Excellent,3,21.6,1,16,761352,3,Yes
65,567732,284655,30,Average,1,43.9,2,1,408388,1,No
44,1103160,682218,26,Average,0,74.2,1,11,283984,6,Yes
39,431051,303207,16,Average,2,81.7,2,11,251648,5,No
43,1408337,477242,1,Poor,6,34.1,2,10,634896,2,No
46,1751951,476399,22,Excellent,5,21.8,2,3,476065,0,Yes
46,949097,626681,23,Good,4,82.4,0,9,625257,4,No
59,669066,431806,7,Average,1,78.6,5,6,246559,1,No
46,1604764,206436,3,Good,3,9.4,2,28,979686,3,Yes
32,393981,179755,3,Excellent,4,42.7,3,14,245098,6,No
55,986242,477456,6,Excellent,6,7.4,1,14,709861,1,Yes
61,337462,50186,23,Good,3,53.8,1,5,87250,0,Yes
30,1636081,974553,6,Average,4,75.4,3,10,747249,6,No
50,841616,495423,12,Good,6,60.9,1,8,50838,5,Yes
63,1505569,348573,13,Average,4,88.5,0,15,856219,6,No
25,322980,173765,20,Good,1,78.7,1,7,7659,6,No
28,1375225,810541,27,Excellent,2,50.6,2,2,231186,0,Yes
45,1149211,260399,28,Excellent,3,88.3,2,26,718780,6,Yes
47,775600,279948,28,Average,0,60.8,1,29,273096,6,Yes
57,1728075,445698,15,Good,0,82.3,3,26,1216884,5,Yes
23,1722247,300627,11,Good,3,91.2,5,5,820298,2,No
32,1468592,189586,27,Good,5,86.2,4,4,959007,1,Yes
34,607387,379660,14,Good,7,6.7,4,16,440893,0,No
24,302775,150241,23,Average,4,56.6,2,6,54397,4,No
31,1673934,1242713,1,Good,4,30.7,1,13,1156274,3,Yes
28,1110997,483328,16,Good,7,19.2,0,2,524745,2,Yes
42,621904,292535,13,Average,4,54.8,1,15,366146,3,Yes
32,1451300,1064550,24,Excellent,3,12.8,1,14,605902,3,Yes
58,1395468,823002,19,Average,5,86.1,2,0,534606,1,No
38,336951,153918,29,Average,5,57.0,2,6,36868,4,Yes
47,1087669,90614,30,Good,1,18.0,1,21,830305,6,Yes
65,1103945,267788,26,Poor,3,82.7,3,28,567918,4,No
49,989178,625436,19,Excellent,3,9.9,1,1,131653,1,Yes
54,933704,79646,28,Good,4,7.9,3,30,175881,4,Yes
43,832184,246349,4,Average,6,77.5,1,24,91480,4,No
27,970546,489701,10,Poor,4,83.9,4,9,765893,2,No
35,647243,73698,15,Average,0,44.1,2,17,467057,3,Yes
37,722601,410735,5,Average,1,40.6,2,19,32261,0,No
37,248920,126507,12,Good,7,58.6,1,13,49263,5,No
28,738830,312984,8,Good,3,51.7,2,10,440227,0,No
41,338588,68457,13,Excellent,7,20.2,3,7,262330,5,Yes
50,426183,248487,5,Excellent,1,26.1,1,3,71944,1,Yes
24,710836,197785,17,Excellent,7,62.0,1,3,525879,5,No
44,1678492,473834,13,Good,4,84.6,0,16,933038,3,Yes
23,1208308,782798,7,Excellent,7,92.4,0,5,834442,4,No
64,405371,128163,14,Good,2,89.0,0,18,322552,5,Yes
24,1281928,340785,21,Average,3,72.3,1,6,598201,0,Yes
25,714003,95418,18,Good,7,46.5,0,5,539262,2,No
64,1128163,307859,18,Excellent,1,81.1,2,6,627254,5,Yes
33,655584,27763,8,Poor,4,84.2,2,4,195447,0,No
23,908744,433520,17,Average,6,40.2,1,5,267293,0,No
24,733343,520790,11,Good,5,54.7,1,6,245762,0,No
60,1416026,770854,30,Good,2,81.1,4,15,685893,6,No
47,330787,77067,4,Poor,0,44.8,0,26,140640,1,Yes
30,447986,324768,24,Good,3,85.2,1,10,142773,0,Yes
55,1608127,974199,1,Good,2,90.1,0,21,1101272,4,No
31,460618,28893,20,Excellent,3,25.4,1,1,96428,2,Yes
55,734399,390728,11,Poor,3,67.6,0,24,55497,5,No
31,1297502,684159,2,Good,7,90.2,3,13,141750,0,No
58,653314,429424,17,Good,7,48.0,0,11,473543,4,No
25,1058483,697158,26,Average,5,48.3,2,1,764565,2,Yes
52,1015869,393918,17,Average,2,47.4,1,30,528683,4,Yes
38,1283200,128590,29,Average,0,71.2,3,16,470963,6,Yes
55,706570,28133,26,Good,6,61.6,0,28,166388,2,Yes
61,386402,261775,23,Excellent,0,30.0,2,8,158473,2,Yes
44,725909,109645,11,Average,0,71.9,2,22,228432,6,No
42,1543837,1089700,1,Good,7,43.5,3,24,1110959,3,No
53,442307,246514,12,Good,5,69.9,0,30,44351,3,Yes
33,716437,46068,10,Poor,7,88.8,1,8,546383,0,No
60,768158,185524,11,Poor,4,24.9,2,13,86952,3,No
43,253997,172813,13,Excellent,4,75.4,0,16,7923,0,Yes
30,747344,380445,7,Average,0,68.3,3,4,462142,5,No
59,300029,102125,26,Good,1,52.5,1,17,99236,6,Yes
55,480931,331820,1,Good,2,30.2,1,0,297410,0,No
48,1287054,556025,19,Average,5,44.2,2,21,953592,4,Yes
59,551931,44377,2,Average,1,42.7,3,21,290940,3,No
59,1369941,1014202,16,Good,2,44.9,1,30,415473,3,Yes
22,610424,374251,2,Average,4,23.3,0,4,477227,0,No
34,871738,296909,2,Poor,6,52.4,3,5,630946,4,No
46,372512,98027,16,Average,6,54.8,3,12,8262,3,No
49,1184949,868264,23,Good,0,62.2,2,2,56957,6,No
26,361196,148685,18,Poor,0,41.7,0,3,242534,2,Yes
35,963301,463302,17,Good,0,74.3,1,15,355980,3,No
29,1310392,301722,3,Average,6,42.9,0,1,648335,4,No
46,855453,270035,29,Excellent,4,72.5,1,28,207778,6,Yes
52,831844,623610,26,Poor,6,54.8,1,11,97528,6,No
37,1414915,201660,19,Good,7,25.5,2,1,684383,5,Yes
57,1579384,320287,21,Excellent,6,74.2,1,6,1178881,4,Yes
35,566721,121312,29,Average,6,45.6,1,17,202239,0,Yes
49,429877,175359,6,Poor,2,94.4,3,0,326556,4,No
56,206806,86856,12,Excellent,3,7.0,0,25,67685,4,Yes
26,609667,299504,5,Excellent,3,12.2,1,8,270588,3,Yes
23,366994,252714,24,Average,0,51.2,1,3,280680,4,Yes
32,1513140,384219,18,Good,7,24.9,3,14,952562,5,Yes
49,1250607,899414,19,Poor,5,44.8,5,17,515888,3,No
45,1477991,831476,14,Average,0,71.5,4,0,260550,0,No
60,1443340,990866,2,Excellent,1,47.8,2,22,1124423,0,No
62,1786734,713524,25,Excellent,2,70.0,5,15,748387,3,Yes
41,622939,241019,5,Average,0,28.8,2,15,311233,0,Yes
43,929468,28984,10,Good,7,72.4,2,0,590201,3,No
51,1326332,70137,11,Excellent,4,89.0,2,28,850796,0,No
52,1514742,493787,20,Good,1,31.0,3,2,1142945,4,Yes
42,746956,212041,25,Average,6,29.7,3,17,365567,0,Yes
62,1549363,150445,17,Average,1,85.4,1,19,993937,2,Yes
54,738516,127489,25,Average,4,8.0,6,23,427345,1,Yes
42,1402471,691179,16,Good,7,16.1,4,24,679023,1,Yes
23,966261,123156,27,Average,3,49.2,1,5,84573,1,Yes
46,1207557,161695,18,Average,6,5.5,3,10,919187,2,Yes
53,1413202,874332,17,Good,5,76.6,3,9,281648,2,No
56,1780946,1105667,23,Average,2,46.5,1,1,221587,1,Yes
23,230098,93923,27,Excellent,0,13.0,1,5,137900,0,Yes
30,1406134,787554,24,Excellent,2,61.4,4,12,421735,6,Yes
55,1652178,1030785,5,Poor,5,42.6,1,18,128341,0,No
45,1436715,498313,4,Poor,5,27.7,0,2,99883,4,No
49,857673,604306,14,Excellent,3,46.3,2,25,673765,2,Yes
30,962877,698966,19,Good,5,37.3,1,10,94846,6,Yes
22,460852,110886,16,Average,4,49.3,3,4,132726,5,No
59,1356503,515018,18,Good,3,6.3,0,4,73619,0,Yes
55,452670,94126,13,Average,0,75.6,4,27,319133,2,No
36,587688,284452,28,Good,1,50.9,3,5,433213,3,Yes
26,1342189,801521,14,Good,6,55.3,1,8,954299,6,No
36,1022186,135299,29,Good,4,8.5,1,7,482796,6,Yes
42,1700708,659985,18,Good,3,35.8,2,17,848958,2,Yes
52,1375885,281584,1,Good,3,25.8,0,2,749217,2,No
32,1794432,198382,20,Good,0,47.8,2,1,754740,2,No
63,867605,108665,1,Average,4,74.9,3,4,475342,1,No
45,676574,315247,14,Good,4,47.3,2,13,430424,6,No
36,634162,73303,3,Excellent,6,48.6,1,15,257477,6,No
27,815567,471247,18,Excellent,2,35.9,0,9,103727,2,Yes
50,1337655,753376,19,Excellent,5,36.3,3,12,274718,5,No
53,211852,91863,27,Average,2,70.7,0,25,124297,6,Yes
27,244200,29792,9,Good,7,32.1,0,9,68473,1,No
65,243037,162045,23,Average,4,66.9,4,28,158219,3,No
37,614376,40980,16,Good,6,81.4,2,13,200592,5,No
55,1130991,741711,4,Good,4,9.3,2,16,830588,2,Yes
38,636162,160598,2,Good,4,15.1,1,18,359271,6,No
38,1155776,703525,7,Average,2,45.0,0,20,200333,2,No
36,1021965,635240,19,Excellent,1,68.1,1,18,237920,5,No
38,737243,125506,25,Excellent,3,43.9,0,18,189898,3,Yes
52,1095207,241440,19,Good,4,70.6,5,13,520830,6,No
40,306498,97075,17,Good,5,65.5,1,13,62091,0,No
59,690370,463697,28,Average,2,7.6,2,9,151260,6,Yes
45,615477,18547,23,Average,1,54.8,3,20,326732,1,Yes
34,1386751,942977,27,Good,3,47.8,2,6,270563,1,Yes
42,1645792,188347,12,Average,0,81.2,1,12,1274256,4,No
42,1140652,704440,18,Good,5,51.0,3,17,42371,0,No
60,1466980,917105,16,Excellent,5,40.7,4,13,1160260,2,Yes
50,1069497,611252,29,Average,4,50.5,3,18,206621,2,Yes
62,792492,288127,7,Good,2,55.8,1,27,70773,2,Yes
43,977232,90917,15,Good,5,89.0,2,4,591858,1,No
21,1504667,459257,29,Poor,3,62.1,2,3,645937,5,No
32,703156,109309,13,Poor,1,93.4,2,8,119651,2,No
49,868152,434198,18,Average,4,69.3,2,2,673978,0,No
23,295359,62621,15,Average,6,46.0,4,0,234714,1,No
56,968768,520170,13,Excellent,6,5.2,3,21,524601,4,Yes
49,1086323,106936,1,Average,6,82.8,3,11,439474,1,No
44,480486,279133,11,Good,7,45.0,2,11,278003,5,No
53,1574947,116309,20,Poor,4,58.1,1,26,860210,1,Yes
61,899401,514986,20,Good,0,81.2,5,16,390609,1,No
38,1191316,282775,23,Good,7,80.2,0,8,397254,2,No
57,1629160,154346,2,Average,7,55.2,1,15,444142,6,No
31,1218336,56040,29,Good,2,31.5,6,13,514218,1,Yes
53,893708,336674,9,Excellent,4,34.0,3,27,316650,6,No
65,195434,74676,7,Good,4,79.8,5,28,14044,6,No
53,1214262,452983,11,Good,3,74.6,2,17,375349,3,No
33,1159062,519643,19,Excellent,0,31.8,1,15,298939,3,Yes
37,1391569,458063,16,Good,3,91.2,1,19,786525,3,No
45,1732226,171360,23,Average,3,47.6,1,4,1135857,5,No
55,515441,200367,6,Average,6,89.0,2,20,311909,2,No
63,335683,121249,28,Excellent,0,32.3,1,0,113233,2,Yes
26,431537,103516,24,Average,1,71.5,2,8,295684,4,No
28,879151,247791,17,Good,1,23.9,0,10,211254,1,Yes
21,1320234,640518,15,Good,5,87.2,3,3,284532,3,No
56,1383202,284070,29,Average,3,11.4,1,17,477062,1,Yes
41,218547,113770,3,Average,3,89.5,1,2,73381,3,No
53,795175,211735,12,Good,7,70.8,3,23,533723,0,No
43,208625,140858,28,Poor,6,28.2,5,25,10464,1,Yes
58,914417,262322,13,Good,6,61.3,3,11,508773,2,No
61,468816,278437,2,Average,3,38.4,3,5,95284,1,No
49,468963,305621,17,Good,5,56.7,1,7,344275,3,Yes
41,1785235,152062,14,Good,4,87.3,1,20,319068,2,Yes
50,1166753,440135,2,Poor,5,40.8,3,11,105947,4,No
56,362024,217161,30,Excellent,1,6.8,1,21,33094,5,Yes
57,1351364,298741,5,Poor,1,80.2,1,28,1029067,5,No
50,357164,157755,9,Good,1,57.4,2,29,214941,4,Yes
38,431351,117753,19,Poor,4,19.4,2,3,167411,6,Yes
63,574423,251691,6,Average,3,83.1,3,5,311445,2,No
41,1052328,105449,21,Good,0,90.9,6,5,256248,5,No
28,472985,167701,9,Average,3,58.8,0,10,141077,3,No
62,937771,662180,17,Good,6,48.3,1,13,147517,0,Yes
25,234189,149296,8,Poor,0,20.0,0,4,101358,5,Yes
25,1223445,587279,19,Good,2,90.6,1,7,68330,3,No
48,1379151,778464,26,Average,6,80.5,2,30,543447,3,Yes
46,445972,94805,6,Good,4,13.5,3,27,125784,0,Yes
49,783291,72931,3,Good,7,34.8,4,17,324044,2,No
35,1348311,894250,16,Excellent,6,88.6,3,10,703486,4,No
44,1462789,480455,16,Good,5,9.0,2,26,644932,6,Yes
41,524710,190101,18,Good,0,31.2,2,6,410866,0,Yes
51,356743,227913,6,Poor,2,5.5,2,17,82752,0,No
62,1263349,534479,18,Good,7,74.5,1,30,388290,1,Yes
32,321214,104398,6,Excellent,0,73.6,2,9,13770,1,No
52,516907,150103,9,Average,7,31.7,2,15,99044,5,No
31,492813,113593,16,Poor,7,46.6,1,9,134632,4,No
21,836031,274406,2,Good,6,89.9,2,3,327526,0,No
32,414104,127944,1,Average,3,41.3,3,14,190425,1,No
49,233909,53228,27,Average,6,49.3,0,14,170959,6,Yes
57,445798,23905,29,Average,1,33.2,2,2,283400,0,Yes
21,1539231,807870,16,Excellent,1,58.1,0,3,1046788,3,Yes
31,1486379,1094709,4,Excellent,7,25.8,1,11,874778,5,No
24,732467,542842,16,Average,0,13.4,0,6,428937,0,Yes
30,370706,211149,23,Poor,5,32.6,0,11,66120,0,Yes
35,725096,161362,4,Good,1,86.8,3,17,327599,4,No
52,1773431,610454,28,Good,6,18.2,1,1,1358693,6,Yes
30,1266787,773126,3,Poor,6,16.3,3,12,541806,1,No
51,1107460,753695,2,Good,2,26.8,2,5,549147,6,No
29,1797227,378815,13,Good,6,88.2,1,11,659675,4,No
62,1425129,302164,1,Good,7,35.0,0,27,1034198,4,Yes
53,1563674,399356,2,Good,0,89.5,1,13,1226312,5,No
34,1291671,429355,17,Poor,3,26.6,2,16,424402,6,No
51,595384,149424,14,Excellent,4,31.5,0,25,182589,4,Yes
52,1408361,301139,16,Good,3,12.9,1,3,831722,6,Yes
37,1244605,569705,3,Good,4,35.1,4,12,169178,5,No
61,1761420,979270,29,Good,4,25.9,3,7,634182,5,Yes
54,455709,60347,22,Good,5,76.4,0,24,23213,3,Yes
23,1046964,343842,23,Poor,2,27.7,1,5,212986,1,Yes
54,1411619,187649,12,Poor,0,34.1,2,25,697538,0,Yes
54,1464294,399910,10,Good,7,90.3,0,8,172965,6,No
60,634179,445952,2,Average,3,43.1,4,24,436536,5,No
53,488623,272706,25,Good,7,40.9,0,30,341581,1,Yes
46,271218,11836,2,Average,3,88.6,1,17,116809,4,No
25,1437100,574553,14,Excellent,1,77.9,4,7,660699,6,No
47,317084,61724,24,Poor,2,48.5,2,10,150325,1,No
28,275028,144965,15,Poor,7,38.6,0,10,218870,4,No
48,1768878,395467,15,Good,5,51.3,2,9,1232692,1,No
64,425404,106956,25,Good,1,6.1,4,29,261391,1,Yes
56,1795685,112001,26,Good,6,9.3,3,24,519797,4,Yes
60,583322,252267,14,Excellent,4,24.1,1,21,88561,3,Yes
42,887755,68698,3,Poor,6,82.4,2,17,333932,6,No
38,634418,38818,26,Good,2,90.8,4,8,309705,6,No
22,516227,269217,19,Excellent,4,84.4,1,4,148701,1,No
54,574597,219902,16,Good,7,8.4,3,16,42196,4,Yes
26,298581,137938,21,Good,7,21.3,4,8,167281,4,Yes
41,645453,152136,10,Average,2,34.8,2,0,424869,1,No
27,1772201,629357,6,Excellent,1,78.3,2,3,875508,4,No
65,976948,600653,21,Excellent,4,13.2,0,16,48466,2,Yes
22,1148616,47536,12,Average,1,76.8,0,4,193823,4,No
65,458710,78414,26,Good,3,41.2,2,30,239126,4,Yes
63,328087,220053,7,Excellent,1,52.8,1,27,232019,6,Yes
62,1387956,827036,3,Excellent,0,27.9,1,9,742483,6,Yes
44,1555828,183373,16,Excellent,6,12.6,1,11,208905,6,Yes
31,812543,599641,6,Good,5,31.8,0,0,443606,3,No
49,228320,113861,4,Good,2,44.4,1,16,139333,0,Yes
32,1368554,421724,17,Good,3,61.4,0,14,891131,6,Yes
52,611116,315831,22,Average,2,8.9,1,28,249962,6,Yes
45,373069,242110,7,Good,3,64.6,1,13,83638,3,No
23,1277353,891204,17,Good,0,28.9,4,2,1021578,4,Yes
42,946988,706547,24,Poor,2,73.4,0,17,351491,4,No
50,1202892,554012,5,Good,4,80.4,2,15,177511,1,No
65,681590,405723,18,Poor,5,21.9,2,13,138085,0,Yes
43,383047,99266,15,Poor,6,33.9,2,25,34195,0,No
28,404605,157496,22,Good,0,32.5,1,4,179431,6,Yes
31,1042881,342870,24,Average,0,42.3,3,5,106897,6,Yes
58,1755125,109892,25,Good,3,7.9,1,3,1079315,4,Yes
51,1692604,68582,25,Average,3,23.8,3,19,999891,1,Yes
42,203312,115416,11,Average,3,71.1,1,8,130343,5,No
37,1030350,401319,2,Average,4,9.8,0,0,110224,5,No
47,623316,268373,16,Good,0,85.4,0,13,373505,0,Yes
36,1165132,648658,27,Good,3,69.2,2,18,322711,1,Yes
55,1209127,325302,27,Good,5,93.7,5,17,506742,3,No
44,953422,33281,26,Good,3,43.9,1,1,400325,4,Yes
61,1759006,844741,26,Good,1,75.3,0,6,1387531,5,Yes
49,1117635,506447,13,Good,7,61.5,3,9,651081,1,No
36,1043349,276063,17,Good,0,61.7,4,18,150786,4,No
32,1779908,1094917,16,Good,6,39.2,2,9,498166,4,Yes
65,224760,74105,17,Excellent,3,23.7,0,29,83889,4,Yes
42,1711180,867933,9,Excellent,3,77.9,1,14,72382,1,No
42,1274677,134309,27,Excellent,6,81.5,2,16,635515,4,Yes
26,1567784,755635,23,Good,4,17.4,0,8,514124,3,Yes
53,557844,270055,17,Excellent,1,89.9,1,30,235501,1,Yes
61,1796405,395358,24,Poor,3,14.4,0,16,406928,4,Yes
64,740315,65405,8,Poor,4,76.1,2,18,163469,0,No
57,795863,193298,6,Good,2,93.1,0,18,615778,6,No
55,1606445,619745,23,Good,2,55.1,1,18,1091060,2,Yes
57,617625,85538,12,Good,4,10.8,3,24,101639,2,No
43,450914,114792,29,Average,7,29.7,1,6,124374,3,No
58,469768,322876,15,Excellent,0,24.3,4,2,246092,5,No
23,1736518,718816,6,Excellent,0,88.2,1,5,887330,4,No
58,1591220,993973,12,Average,4,74.9,1,22,417446,3,No
60,253869,187692,30,Excellent,5,20.1,2,7,187699,1,Yes
43,286022,17327,25,Average,4,85.0,2,25,33324,2,Yes
29,1365679,493942,26,Average,4,20.5,3,11,124702,6,No
40,1301268,282062,22,Average,7,17.7,0,22,354192,5,Yes
57,1279950,878418,9,Good,0,57.2,5,4,841790,0,No
54,492023,116548,28,Poor,4,5.1,0,15,208556,0,Yes
54,1431775,390671,5,Excellent,4,17.9,1,0,274649,5,No
37,1167073,369351,27,Good,6,87.4,4,19,803882,6,Yes
24,1625028,769984,21,Good,3,91.0,3,6,966977,5,No
31,1124447,830407,25,Good,3,27.7,2,0,852474,2,No
63,1428495,159531,7,Average,0,51.7,3,17,742731,5,No
65,1728674,435054,5,Good,2,6.0,3,4,254530,5,No
34,496480,45013,28,Good,1,22.4,0,15,231330,6,Yes
56,1793374,666405,5,Average,5,30.8,1,30,746826,3,No
57,1584355,220205,4,Average,4,85.5,1,29,1111390,5,No
51,368490,52330,7,Average,5,37.0,1,8,29511,4,No
39,1286581,178111,24,Average,1,5.1,1,6,703506,2,Yes
34,399055,218014,19,Good,0,76.1,0,6,88669,4,Yes
28,847540,337994,16,Average,7,24.8,1,10,578623,6,No
39,829714,311199,10,Good,1,82.1,3,21,84302,1,No
33,595872,52294,23,Good,3,87.6,3,3,344616,6,No
31,699089,488724,19,Good,3,75.3,2,13,161931,4,No
61,591274,296226,6,Poor,7,18.4,0,1,132819,0,No
37,1730184,421131,14,Excellent,2,33.5,4,11,1176275,6,No
35,1047239,523240,11,Excellent,1,49.5,0,16,814570,2,Yes
50,645982,400966,12,Good,6,48.7,2,29,194557,6,Yes
55,732959,380264,21,Good,0,38.3,0,24,561217,2,Yes
35,419968,199149,9,Excellent,0,10.0,3,10,229098,4,Yes
37,905836,597311,10,Good,2,69.5,1,5,204459,3,No
39,492229,122681,10,Good,6,31.4,3,21,251893,2,Yes
61,846246,227154,8,Poor,0,81.8,2,3,450427,1,No
25,478871,41452,13,Good,2,36.1,1,7,282660,6,Yes
23,1506931,104303,1,Average,7,24.3,5,5,1176514,2,No
63,563395,108467,24,Average,5,28.4,0,24,398902,2,Yes
63,720340,431045,4,Average,5,53.7,0,20,373830,3,No
31,1652542,540266,26,Excellent,6,44.2,2,13,1247251,2,Yes
64,751107,506353,30,Good,2,33.0,0,22,209751,0,Yes
37,260257,144545,20,Good,6,75.0,2,18,178670,3,Yes
56,809085,323331,1,Good,0,80.2,1,14,524568,4,No
52,513997,95449,18,Average,3,74.8,1,22,99998,5,No
46,1192237,584319,25,Average,6,44.7,1,12,504945,6,Yes
30,746088,420759,4,Average,1,90.0,0,12,209700,6,No
43,1389337,65798,19,Poor,3,53.8,3,12,407184,5,No
64,398401,90162,25,Average,2,51.2,6,22,304461,6,Yes
35,1758608,810698,15,Poor,6,79.7,3,17,67199,1,No
26,431924,206850,25,Good,5,54.9,1,7,29180,3,Yes
26,687732,180620,7,Good,2,37.9,0,8,473120,4,No
47,453349,18554,13,Poor,4,85.6,3,2,226923,3,No
53,1514431,1080441,1,Average,4,88.9,1,23,1060335,6,No
26,736110,219349,3,Good,4,69.9,1,8,478587,6,No
36,821147,29782,24,Poor,3,41.6,0,18,485228,0,Yes
45,546008,176208,5,Good,5,8.5,0,27,129016,1,Yes
28,187967,43980,22,Good,4,86.4,0,4,101539,4,No
35,1766292,212236,12,Excellent,7,57.8,2,17,59601,1,Yes
52,1768236,1239220,2,Good,2,37.8,3,27,340054,2,No
40,885860,353894,27,Good,2,64.3,0,0,129637,1,Yes
26,1104133,575419,21,Good,2,72.6,1,8,94105,6,Yes
22,1078488,230943,24,Good,1,34.0,1,4,407980,4,Yes
57,964586,575308,24,Good,5,31.7,2,3,720267,3,Yes
55,1350694,92814,7,Poor,4,44.6,2,0,468570,3,No
47,650641,295211,21,Excellent,0,41.6,1,10,488395,0,Yes
61,1612649,416805,12,Good,6,50.9,1,3,652362,3,No
33,848179,228320,19,Poor,1,74.2,1,13,632767,2,No
60,779253,200118,1,Excellent,4,83.1,4,4,310098,3,No
39,1463203,628263,18,Excellent,2,52.6,1,21,249763,5,Yes
49,622882,25747,7,Good,5,93.1,4,2,398219,2,No
31,600182,84470,11,Good,2,79.9,0,13,421077,6,No
52,1275426,933955,1,Average,7,35.9,1,6,588073,5,No
38,333245,71071,6,Average,1,86.5,1,20,140989,6,No
51,770381,361672,3,Good,5,84.8,3,15,329649,4,No
50,1044645,186445,30,Poor,7,56.4,3,27,418047,3,Yes
46,405019,178928,21,Excellent,3,86.2,3,10,113475,6,No
56,1107091,224574,4,Good,7,67.4,2,7,90766,2,No
56,1629796,1099953,30,Poor,5,50.3,4,16,376091,4,No
28,1437669,926070,27,Excellent,6,69.3,1,10,151282,2,Yes
30,598267,402133,9,Poor,4,10.5,1,10,30660,2,No
22,1043663,233461,13,Good,3,47.9,0,4,617403,6,Yes
47,1685949,572673,29,Good,1,19.8,2,29,113476,4,Yes
30,574341,48518,28,Excellent,6,15.4,2,12,56426,5,Yes
59,702828,253152,19,Good,0,51.0,4,19,414650,0,Yes
35,602355,147684,30,Good,5,15.2,2,10,319376,6,Yes
49,1004899,583442,23,Poor,6,32.5,3,30,34259,1,Yes
43,1125238,503439,1,Excellent,7,86.7,3,25,401473,3,No
35,1017393,609721,28,Poor,7,17.6,2,17,390539,2,Yes
34,873045,437287,1,Good,2,82.0,4,16,582892,2,No
22,1579453,129389,22,Excellent,4,47.3,2,4,1030211,6,Yes
57,1595512,621597,28,Average,4,89.8,0,13,817360,3,No
57,1149831,681592,22,Average,4,5.8,0,10,911921,6,Yes
62,1245923,570955,26,Poor,7,68.2,1,24,565052,3,Yes
25,1103482,635740,8,Good,3,83.9,0,1,157183,3,No
23,1561875,175212,13,Excellent,5,52.9,4,5,1186861,3,Yes
27,1764973,63191,30,Average,2,36.5,0,9,1327193,4,Yes
32,1036047,149169,6,Average,7,54.9,1,14,634126,0,No
33,1659018,970064,15,Excellent,3,60.7,1,15,899662,1,Yes
38,1418360,516386,21,Average,0,20.4,1,3,765468,4,Yes
48,1374871,354638,22,Good,5,27.8,1,24,932379,6,Yes
32,1381838,762033,24,Good,5,54.8,3,14,90795,1,No
57,484224,356347,3,Average,3,38.1,0,8,42990,5,No
51,660808,209319,16,Good,3,89.1,1,6,354495,1,Yes
38,1256299,787903,21,Poor,5,10.8,2,4,467204,6,No
39,1227159,351865,26,Good,3,52.2,1,12,412924,1,Yes
44,668011,456000,6,Excellent,7,74.1,1,9,70999,0,No
34,632891,125569,25,Good,3,10.4,0,16,262728,4,Yes
24,1383865,786971,30,Average,2,55.4,2,6,369641,6,Yes
63,1151248,560589,6,Good,3,70.9,2,2,195904,5,No
32,1171469,725404,10,Poor,2,7.9,4,14,792301,2,No
64,641792,144683,22,Good,6,72.9,2,27,462104,3,Yes
54,1163581,349444,13,Average,0,14.6,1,14,667893,3,Yes
31,722015,115335,23,Average,2,57.2,1,4,492397,1,Yes
63,919290,679740,18,Good,3,89.9,2,15,326470,2,No
40,1350808,252800,24,Excellent,5,20.7,2,17,758171,5,Yes
61,1105431,780439,5,Good,0,67.8,2,16,388648,2,No
53,1424625,582023,16,Average,7,27.0,1,27,180639,5,Yes
36,1243319,322587,17,Excellent,4,68.5,1,6,203530,3,Yes
23,596978,415517,13,Excellent,2,11.8,1,5,261668,3,Yes
37,1738068,333212,22,Poor,6,60.1,1,19,1271748,0,No
53,1379751,817250,16,Good,7,25.3,2,5,550353,1,Yes
23,1372097,652294,8,Good,3,71.6,0,5,217624,2,No
43,1628763,394897,14,Average,0,53.0,0,14,508454,1,Yes
42,853222,384875,2,Average,5,50.3,1,19,120191,4,No
41,1637384,1024673,3,Excellent,6,74.1,2,10,1235247,1,No
44,1664209,832310,28,Good,3,37.4,0,25,265425,1,Yes
53,1327647,246363,2,Good,6,22.9,4,0,239902,2,No
49,942371,622774,14,Good,0,36.0,0,23,606080,5,Yes
42,263369,37479,13,Excellent,2,23.5,3,18,204646,6,Yes
38,1598412,362940,22,Poor,3,30.7,1,7,270487,3,Yes
36,1116705,717472,9,Good,4,74.7,2,18,149701,2,No
55,1130162,311728,12,Excellent,3,50.2,2,4,479352,2,Yes
22,1296964,522248,7,Poor,4,31.6,4,4,648227,5,No
65,391830,24564,12,Poor,0,35.5,4,12,157772,3,No
39,260388,68871,14,Poor,3,50.3,1,9,160819,3,No
29,283892,50249,26,Good,5,89.5,0,5,202625,1,Yes
59,1393261,295953,4,Good,1,80.3,2,7,923844,5,No
45,1669493,1093945,24,Average,0,46.8,2,11,1220490,1,Yes
28,1701466,1183127,22,Good,2,65.9,2,1,313747,4,No
38,1449611,446301,20,Poor,6,72.6,1,20,705282,3,No
46,1476220,236850,24,Good,1,77.2,1,12,415889,5,No
45,934105,326715,20,Average,4,59.4,3,21,374667,5,No
36,1698087,334039,7,Excellent,1,81.9,2,18,212447,3,No
51,864029,205242,3,Average,2,76.0,2,29,71423,5,No
53,1706534,1206450,20,Good,4,91.1,3,19,784797,3,No
60,1097786,169945,7,Excellent,5,37.8,0,14,92485,1,Yes
49,989217,666605,11,Excellent,0,19.4,1,0,382595,3,Yes
50,1028923,257595,22,Average,2,76.9,4,23,282667,4,No
33,1215354,907698,18,Good,6,78.3,1,4,391187,6,No
51,615071,204787,5,Poor,6,66.2,3,15,73087,6,No
52,744678,216278,26,Good,6,14.7,3,19,565075,2,Yes
64,1158080,837134,10,Poor,0,34.6,2,15,913028,3,No
37,1131441,317036,23,Average,7,49.7,3,19,641198,0,No
54,1677108,547647,6,Good,2,49.6,3,0,369499,5,No
54,356806,181958,2,Average,6,29.0,1,16,193358,2,No
38,691603,44696,6,Excellent,0,43.9,1,8,231463,0,No
25,1678339,546653,25,Good,7,25.4,1,4,1036183,3,Yes
35,624865,395553,27,Good,5,38.8,2,17,459325,1,Yes
27,1523499,932318,23,Good,5,77.9,1,9,191667,6,Yes
64,1700982,1082252,27,Good,2,25.6,1,1,629867,3,Yes
53,1779792,763750,3,Good,7,92.0,2,25,225888,4,No
43,1092735,811068,12,Good,5,19.6,1,25,866592,5,Yes
57,465521,226269,4,Good,1,47.7,1,7,231728,2,Yes
25,1589854,546088,8,Good,0,79.2,4,7,555199,5,No
61,815232,97466,11,Good,6,45.9,1,18,184040,1,No
60,1456647,596688,28,Average,0,42.3,0,6,525747,0,Yes
41,1487079,597938,9,Average,2,25.0,0,17,568612,1,Yes
42,1420351,204884,20,Good,5,70.4,3,8,575607,6,No
42,1670036,476795,3,Good,4,43.6,3,8,167211,4,No
32,839738,43343,10,Poor,4,24.9,1,14,263413,6,No
64,405160,167354,2,Good,1,81.8,0,9,124590,4,No
42,187531,7762,9,Good,3,64.8,1,6,62241,0,No
50,1227328,677468,10,Average,4,36.2,2,27,540946,6,Yes
40,1445898,269524,8,Good,6,69.4,5,17,733610,5,No
64,996228,474869,9,Poor,1,91.3,3,14,340893,1,No
61,1381700,347100,27,Good,5,78.9,2,30,967097,0,Yes
27,901037,86310,10,Average,0,29.3,2,9,711222,0,Yes
29,732004,345554,28,Good,6,27.8,4,4,105347,1,Yes
50,1084098,459669,10,Good,6,39.8,3,23,162858,3,Yes
34,1356371,930169,28,Excellent,2,28.2,3,16,245502,2,Yes
56,1273365,604735,28,Good,4,82.6,1,0,294471,2,Yes
34,1538311,539478,16,Average,6,91.0,1,16,248020,2,No
41,1466916,519794,19,Excellent,6,75.9,2,21,849394,5,Yes
32,775642,579204,18,Good,0,45.6,1,14,320324,3,Yes
26,424839,228748,21,Average,3,14.5,2,8,332718,5,No
30,1004255,234611,15,Average,2,36.1,3,9,570218,2,No
35,964625,262971,21,Excellent,1,62.4,1,17,477845,2,Yes
29,959128,522464,16,Average,2,47.7,0,11,411265,5,Yes
51,1216059,630213,16,Excellent,7,93.7,2,25,343349,3,No
31,701608,90980,18,Good,1,36.4,1,13,525458,6,Yes
24,1116197,622079,6,Poor,7,33.5,1,5,329821,4,No
58,1761469,1272421,6,Average,7,31.8,2,12,358786,5,No
27,1608080,284052,27,Good,7,50.5,2,9,1213468,3,Yes
28,488449,276721,4,Good,1,13.0,6,2,360405,4,No
22,682420,165882,2,Poor,7,30.2,4,4,278195,2,No
61,874335,292301,15,Good,6,51.2,0,18,644061,3,Yes
38,666799,264924,13,Excellent,5,23.1,3,20,530601,3,Yes
64,666275,328244,22,Average,6,21.8,2,4,422863,2,Yes
51,1555035,392430,26,Good,3,7.7,4,25,579572,3,Yes
58,281376,117600,24,Poor,6,63.9,1,16,115004,3,Yes
40,1035080,734522,3,Average,7,94.4,3,4,379170,0,No
30,669626,200174,28,Average,1,27.4,3,3,534043,1,Yes
58,621416,215764,4,Excellent,3,79.7,5,3,206477,3,No
28,495507,154247,27,Average,4,16.9,4,8,86910,1,Yes
25,804446,273834,30,Excellent,1,8.2,2,7,85695,2,Yes
52,343834,215828,3,Average,5,73.7,0,13,81707,6,No
52,203429,17402,17,Average,4,55.7,0,4,149354,6,No
23,1544940,235577,4,Excellent,7,26.8,1,5,559969,2,No
24,853218,274226,13,Poor,2,51.1,0,6,661744,3,Yes
55,1163825,718492,22,Good,4,86.7,2,6,768932,0,Yes
38,1686404,794003,9,Good,3,64.5,2,15,1154513,1,No
58,1369906,722862,7,Average,2,67.2,1,15,353584,5,No
44,475767,46223,6,Good,7,78.9,4,10,84503,1,No
22,1348932,80704,9,Excellent,7,48.9,1,4,719409,2,No
25,604226,204108,29,Good,0,79.5,0,7,143718,6,Yes
40,222727,94860,30,Average,2,27.6,1,5,126497,1,Yes
37,1113396,757440,19,Excellent,2,32.5,3,17,616133,2,Yes
29,733083,518240,25,Average,7,16.0,4,5,575919,0,Yes
30,1036626,720960,3,Good,7,17.3,4,0,685998,3,No
35,927419,58577,7,Average,5,57.7,1,17,92923,0,No
35,1377086,310789,20,Excellent,0,48.2,0,9,645452,5,Yes
55,1407512,692461,29,Excellent,5,85.6,1,22,544500,4,Yes
22,1156433,506022,27,Average,6,93.6,0,4,63472,6,Yes
52,1421597,399754,23,Average,4,16.7,2,20,725959,1,Yes
42,1537133,878127,3,Good,2,12.5,0,17,742779,6,Yes
49,444528,286925,15,Good,0,12.5,1,13,326606,3,Yes
47,1384798,451191,6,Good,6,27.0,0,29,129647,1,Yes
27,764054,394671,28,Average,4,54.0,1,9,153053,5,Yes
32,1770963,231130,24,Average,7,21.6,1,10,682743,1,Yes
46,1029710,586956,12,Good,5,60.3,4,28,667536,5,No
57,1577515,140489,5,Good,5,42.5,0,22,572620,6,Yes
45,450040,144012,11,Average,2,25.2,2,27,334228,4,Yes
59,928736,549673,6,Average,4,8.6,1,19,154806,3,Yes
46,1484766,512968,13,Good,2,44.1,2,16,304383,2,Yes
